#{"t_start": 1716402645.9437945, "env_id": "CenteringWorld-v0"}
r,l,t
-2.6,242,0.890394
-0.49,596,2.965583
1.78,43,3.033674
1.58,11,3.0493
1.44,60,3.393662
1.83,41,3.449941
1.64,24,3.4962
1.71,33,3.795036
1.64,25,3.826286
1.53,13,3.857536
1.76,35,3.910831
1.63,16,3.926456
1.85,45,4.224402
1.67,22,4.262408
1.58,12,4.278035
1.66,26,4.331326
1.76,34,4.378223
1.62,15,4.647555
1.74,27,4.684843
1.65,17,4.700468
1.58,12,4.731719
1.57,10,4.747344
1.57,15,4.776313
1.83,38,5.087708
1.7,22,5.123581
1.03,8,5.124579
1.54,8,5.140227
1.78,31,5.187102
1.65,18,5.218353
1.58,12,5.239575
1.67,20,5.270848
1.88,41,5.579189
1.23,72,5.710694
1.57,9,5.710694
1.7,24,5.949068
1.67,19,5.985305
1.69,21,6.021992
1.93,47,6.084492
1.67,19,6.122142
1.53,5,6.122142
1.63,15,6.334835
1.62,16,6.361963
1.7,24,6.408847
1.61,29,6.452975
1.58,10,6.469082
1.51,9,6.483498
1.1,13,6.504323
1.67,19,6.71564
1.61,13,6.736724
1.76,34,6.793882
1.54,6,6.793882
1.65,20,6.825132
1.83,43,6.894035
1.9,52,7.132652
1.7,22,7.170887
1.64,16,7.201523
1.54,6,7.201523
1.72,26,7.253238
1.68,20,7.437717
1.58,10,7.453362
1.65,23,7.490934
1.55,7,7.506579
2.11,64,7.605945
0.76,44,7.851099
1.59,11,7.875051
1.57,9,7.897011
1.69,21,7.933462
1.62,14,7.966693
1.66,24,7.997945
1.62,14,8.01357
1.47,7,8.034817
1.56,14,8.19997
1.58,10,8.229193
1.61,13,8.261865
1.56,10,8.286851
1.67,19,8.321214
1.56,9,8.336875
1.79,36,8.389401
1.57,9,8.405026
1.59,17,8.604572
1.6,12,8.633655
1.52,4,8.646155
1.58,14,8.667671
1.24,30,8.71997
1.91,46,8.792371
1.69,21,8.985477
1.2,29,9.031403
1.54,10,9.04705
1.72,28,9.096174
1.6,12,9.116972
1.73,30,9.165
1.8,36,9.393844
1.68,23,9.433642
1.55,8,9.44686
1.74,26,9.488795
1.67,19,9.521848
1.14,17,9.549973
1.61,17,9.739315
1.57,9,9.75421
2.02,60,9.854247
1.63,15,9.8792
1.8,33,9.941866
1.65,23,10.180765
1.59,11,10.204697
1.63,15,10.228613
1.65,17,10.259863
1.88,42,10.379774
1.9,42,10.634686
1.85,37,10.695004
1.62,14,10.718784
1.53,5,10.725822
1.33,38,10.785727
1.7,22,10.997812
1.55,7,11.009918
1.66,20,11.041961
1.63,15,11.065151
1.54,59,11.150341
1.73,27,11.448174
1.67,19,11.470122
1.73,25,11.501373
1.55,7,11.532623
1.62,14,11.557473
1.57,9,11.563723
1.71,23,11.594995
1.59,11,11.61062
1.77,30,11.924191
1.74,26,11.969152
1.63,17,11.9846
1.7,22,12.015868
1.88,40,12.09397
1.79,31,12.387716
1.55,7,12.387716
1.66,22,12.440913
1.62,18,12.456538
1.75,27,12.514613
1.62,16,12.530513
1.07,35,12.833583
1.71,23,12.854422
1.77,29,12.901323
0.58,28,12.958805
1.77,33,13.247119
1.65,29,13.292887
1.56,8,13.308532
1.75,29,13.339782
1.58,22,13.390534
1.71,31,13.425234
1.68,22,13.676263
1.58,10,13.705239
1.39,46,13.796102
1.6,12,13.81292
1.62,14,13.828547
2.02,54,14.084862
1.77,34,14.144663
1.8,32,14.199639
1.57,9,14.224185
1.62,14,14.248864
1.57,9,14.258768
1.69,28,14.464892
1.73,25,14.511794
1.6,24,14.543045
1.7,22,14.592046
2.11,65,14.844137
1.67,19,14.882981
1.54,6,14.882981
1.48,16,14.912969
1.75,27,14.970277
1.57,9,14.985902
1.63,15,15.018025
1.66,18,15.188917
1.74,26,15.243094
1.64,16,15.258739
1.6,16,15.28999
1.66,18,15.33161
1.63,15,15.354567
1.83,35,15.561944
1.64,16,15.593194
1.61,17,15.624443
1.6,16,15.652657
1.58,10,15.654658
1.53,21,15.701554
1.5,14,15.717178
1.61,13,15.732805
1.66,18,15.925695
1.51,7,15.94132
1.89,41,16.017144
1.67,25,16.048405
1.54,6,16.064031
1.68,20,16.097107
1.71,23,16.290192
1.58,16,16.322212
1.6,16,16.353485
1.7,22,16.384735
1.58,10,16.400361
1.62,14,16.432608
1.58,14,16.45489
1.55,15,16.480532
1.81,33,16.678512
1.67,19,16.709762
1.5,8,16.725389
1.95,47,16.806811
1.62,18,16.838058
1.56,8,16.853683
1.92,45,17.103689
1.72,24,17.144736
1.66,27,17.18067
1.52,6,17.201949
1.63,27,17.247648
1.6,14,17.274215
1.56,26,17.512991
1.5,2,17.51599
1.99,51,17.605565
1.89,42,17.668087
1.65,17,17.932871
1.68,20,17.990215
1.77,34,18.046435
1.93,45,18.141254
1.64,16,18.182403
1.78,32,18.458978
2.06,58,18.595893
1.62,14,18.629969
1.6,12,18.659057
1.65,17,18.854842
1.68,22,18.901633
1.81,33,18.95895
1.62,16,18.990944
1.78,32,19.041136
1.86,38,19.280811
1.77,29,19.343222
1.6,12,19.358874
1.82,34,19.421375
1.51,9,19.440173
1.08,11,19.459006
1.85,38,19.706723
1.76,28,19.763621
1.53,5,19.771811
1.6,12,19.792507
1.9,42,19.871674
1.88,43,20.138815
1.77,29,20.199043
1.73,25,20.242308
1.53,9,20.264639
2.06,58,20.513023
1.57,13,20.544274
1.59,27,20.593238
1.63,17,20.62451
1.7,22,20.65576
1.72,24,20.709892
1.66,18,20.9182
1.57,17,20.949469
1.65,17,20.986303
1.6,12,21.013137
1.78,30,21.067577
1.83,39,21.142632
1.62,14,21.34965
1.75,27,21.396525
1.75,27,21.443231
1.75,29,21.498595
1.64,16,21.535937
1.54,7,21.547465
1.67,19,21.771172
1.84,36,21.828734
1.65,17,21.870297
1.6,12,21.887089
1.7,26,21.933966
1.66,18,21.971411
1.55,7,21.987059
1.79,32,22.212013
1.54,6,22.227638
1.65,19,22.258889
1.83,35,22.32866
1.64,18,22.359907
1.59,11,22.390223
1.59,11,22.40887
1.5,2,22.40887
1.63,17,22.621462
1.61,17,22.65065
1.67,25,22.700612
1.7,22,22.72874
1.61,17,22.764277
2.18,72,23.138496
1.64,20,23.172131
1.75,29,23.226093
1.72,28,23.275992
1.63,15,23.551068
1.57,25,23.609349
1.65,17,23.642775
1.58,10,23.663609
1.57,9,23.684427
1.91,44,23.776157
1.71,25,24.055334
1.57,9,24.070988
1.54,6,24.086614
1.59,13,24.117864
1.64,16,24.164721
1.65,17,24.192433
1.65,19,24.229941
1.52,4,24.23483
1.76,28,24.271638
1.83,36,24.593371
2.08,60,24.696614
1.63,19,24.732978
1.69,21,24.767421
1.64,20,25.046492
1.51,3,25.046492
1.41,25,25.093366
1.78,32,25.142306
1.63,16,25.157933
1.55,7,25.173557
1.59,21,25.21423
1.66,18,25.481681
1.81,33,25.53449
1.77,29,25.584309
1.59,11,25.601007
1.89,41,25.671938
1.58,10,25.909277
1.6,12,25.930152
1.95,47,26.014246
1.98,50,26.096997
1.65,17,26.359197
1.7,22,26.37988
1.51,7,26.404908
1.83,37,26.454956
1.64,17,26.492438
1.68,20,26.517333
1.57,9,26.539451
1.58,10,26.700015
1.54,14,26.714311
1.56,12,26.729965
1.58,14,26.766448
1.79,33,26.821708
1.99,51,26.891657
1.74,26,27.103911
1.98,52,27.188576
1.95,47,27.27252
1.71,23,27.457284
1.67,19,27.496238
1.53,5,27.506139
1.61,13,27.526039
1.66,18,27.541891
1.6,12,27.572913
1.58,10,27.593923
1.56,12,27.614506
1.59,19,27.63416
1.55,7,27.806385
1.6,12,27.827684
2.0,55,27.914647
1.63,15,27.945627
2.0,54,28.176945
1.57,17,28.208501
1.59,11,28.224181
1.6,12,28.239476
1.62,14,28.272694
1.58,10,28.288605
1.91,44,28.365518
1.64,16,28.540362
1.58,14,28.555987
1.64,21,28.601857
1.66,19,28.625801
1.58,10,28.647507
1.55,7,28.660124
1.59,11,28.676047
1.99,51,28.906064
1.52,24,28.959176
1.8,32,29.006094
1.65,17,29.037611
1.19,23,29.067547
1.62,14,29.099074
1.72,25,29.293571
1.47,7,29.309228
1.74,26,29.35601
1.68,20,29.394259
1.64,20,29.426137
1.64,16,29.450933
1.54,22,29.641467
1.61,13,29.676113
1.88,40,29.755317
1.61,13,29.784552
1.73,25,29.834578
1.8,34,30.062288
1.57,9,30.077925
1.53,11,30.09355
1.65,25,30.14246
1.54,8,30.158085
1.89,43,30.230281
1.62,18,30.263351
1.67,19,30.451856
1.7,22,30.491449
1.67,19,30.523787
1.6,16,30.553976
1.53,5,30.555976
1.57,9,30.579913
1.53,5,30.584176
1.71,23,30.613438
1.49,5,30.629077
1.64,16,30.660151
1.83,35,30.876815
1.59,15,30.892903
1.74,26,30.939605
1.59,15,30.974007
1.87,39,31.032065
1.71,27,31.234208
1.71,23,31.281089
2.14,66,31.433101
1.97,49,31.729474
1.74,26,31.781399
1.88,40,31.871827
1.77,29,32.0842
1.64,16,32.115482
1.61,17,32.155344
2.27,80,32.274836
1.72,28,32.476821
1.6,12,32.50811
1.59,13,32.523735
1.95,47,32.601123
1.55,19,32.632046
1.6,12,32.662312
1.69,21,32.841463
1.65,17,32.872713
1.54,12,32.888616
1.48,14,32.923847
1.9,44,32.998187
1.57,10,33.014434
1.71,23,33.212357
1.7,24,33.24359
1.6,12,33.25923
1.9,46,33.397145
1.78,30,33.480499
2.12,66,33.834279
1.79,31,33.905259
1.67,20,33.946886
1.92,48,34.241632
1.72,28,34.289713
1.9,42,34.375973
1.62,14,34.391598
1.66,24,34.639465
1.82,34,34.705227
1.55,7,34.71977
1.51,17,34.751148
1.58,10,34.766165
1.67,19,34.801035
1.64,16,34.832741
1.66,18,34.869771
1.66,18,35.08857
1.54,16,35.121842
1.63,23,35.168633
1.63,15,35.18455
1.69,21,35.230176
1.59,11,35.248945
1.61,13,35.280199
1.61,29,35.512
1.8,32,35.580384
1.66,18,35.606238
1.63,15,35.624007
1.7,22,35.675231
1.72,24,35.716656
1.51,3,35.926002
1.67,19,35.970975
1.62,14,35.986599
1.56,12,36.018701
1.86,38,36.081504
1.78,30,36.150971
1.66,18,36.368642
1.81,33,36.434482
1.62,14,36.46458
1.82,34,36.523235
1.77,30,36.583306
1.52,4,36.59014
1.61,13,36.810036
1.65,17,36.841305
1.62,14,36.872822
1.76,34,36.935354
1.57,13,36.979196
1.58,18,36.99585
1.71,25,37.042994
1.69,21,37.273091
1.55,9,37.288877
1.58,10,37.310796
1.87,39,37.388533
1.58,10,37.406171
1.71,23,37.441997
2.16,70,37.756185
1.55,8,37.771929
1.53,17,37.800336
1.86,38,37.876787
1.67,21,38.108409
1.67,21,38.139658
1.86,38,38.219744
1.57,9,38.235653
1.77,29,38.288607
1.54,6,38.304573
1.69,21,38.509469
1.67,21,38.541079
1.59,18,38.572001
1.67,19,38.622815
1.62,14,38.638981
1.62,14,38.669966
1.62,14,38.6856
1.86,42,38.950975
1.77,29,39.010463
1.8,32,39.076192
1.62,14,39.09364
1.92,45,39.351331
1.61,13,39.368757
1.59,11,39.384871
1.69,21,39.431288
1.55,7,39.447449
1.53,5,39.458318
1.62,14,39.489688
2.29,81,39.803211
1.59,11,39.821854
1.55,11,39.837869
1.66,18,39.868992
1.52,4,39.868992
1.17,22,39.918658
1.51,9,39.934575
1.15,43,40.198198
1.63,15,40.23118
2.0,52,40.309589
1.95,47,40.56452
1.72,24,40.619852
1.55,7,40.637388
2.09,61,40.748509
1.66,20,40.784503
1.64,16,40.97682
1.74,26,41.023726
1.65,17,41.052048
1.9,43,41.141886
1.7,22,41.189537
1.63,15,41.402002
1.56,8,41.417899
1.72,26,41.455301
1.57,9,41.470319
1.67,19,41.502075
1.94,47,41.604591
1.82,34,41.847129
1.6,16,41.862878
1.66,18,41.893987
1.93,45,41.98187
1.58,16,42.017774
1.57,9,42.039209
1.71,25,42.263232
1.72,24,42.297046
1.83,35,42.3761
1.62,14,42.391742
2.23,77,42.713979
1.59,15,42.729418
1.85,37,42.802032
1.61,13,42.833576
1.64,16,42.849185
1.68,24,43.08132
1.67,19,43.108398
1.67,19,43.162461
1.63,19,43.184334
1.59,17,43.215862
1.49,5,43.234684
1.6,12,43.247868
1.62,14,43.279401
1.69,21,43.488547
1.66,22,43.519798
1.55,11,43.535866
1.67,19,43.590714
1.63,15,43.60971
1.68,20,43.640918
1.58,12,43.673806
1.53,7,43.693682
1.77,29,43.919724
1.79,31,43.97521
1.75,29,44.038493
1.54,6,44.038493
1.71,27,44.101985
1.77,29,44.317993
1.63,15,44.356233
1.8,33,44.403139
1.92,44,44.484037
1.64,16,44.515548
1.73,25,44.735439
1.7,22,44.78754
1.63,15,44.805198
1.8,32,44.885379
1.68,28,44.932284
1.68,20,45.146071
1.71,23,45.177324
1.6,12,45.20983
1.46,10,45.225974
1.76,28,45.282422
1.66,18,45.300078
1.8,34,45.547165
1.61,14,45.562892
1.73,25,45.608387
1.52,12,45.643687
1.63,15,45.675029
1.74,26,45.724359
1.63,17,45.761608
1.58,10,45.951838
1.86,38,46.038623
1.11,16,46.063523
1.61,13,46.094848
1.65,17,46.113868
1.57,9,46.12938
1.53,5,46.154099
1.52,10,46.160349
1.68,21,46.367018
1.59,13,46.397887
1.71,24,46.444806
1.57,20,46.489539
1.84,36,46.536884
1.75,27,46.608372
1.22,36,46.868477
1.54,6,46.87256
1.64,16,46.903842
1.63,15,46.934412
1.55,11,46.950073
1.48,12,46.981323
1.64,16,46.997199
1.66,18,47.042744
1.79,35,47.29935
1.71,23,47.330609
1.57,11,47.36777
1.57,9,47.383884
1.6,12,47.409501
1.58,16,47.438918
1.53,21,47.480602
1.55,7,47.709821
1.52,4,47.716375
1.63,15,47.745052
1.61,13,47.779054
1.88,40,47.866441
1.61,13,47.889276
1.54,14,47.913854
1.42,16,47.948545
1.61,13,48.186484
1.68,21,48.216723
2.06,63,48.340282
1.6,12,48.362142
1.71,23,48.408418
1.77,29,48.655731
1.63,15,48.694604
1.8,32,48.74982
1.68,20,48.776126
1.59,11,48.80626
1.74,27,48.857888
1.63,15,49.094835
1.75,27,49.149262
1.65,17,49.171946
1.7,22,49.203211
1.75,27,49.265857
1.47,29,49.480221
1.69,21,49.521933
1.73,25,49.567737
1.68,20,49.602066
1.7,22,49.650081
1.54,26,49.700077
1.55,27,49.929531
1.69,23,49.970964
1.79,31,50.033331
1.7,22,50.084534
1.8,32,50.29578
1.68,20,50.342919
1.71,24,50.389893
1.69,21,50.42691
1.75,27,50.479564
1.59,13,50.494935
1.88,40,50.750913
1.76,33,50.800858
1.64,16,50.832059
1.7,24,50.87926
1.5,14,50.91091
1.66,18,50.946296
1.59,25,126.044165
1.61,15,126.089341
1.56,8,126.093354
1.53,5,126.109009
1.91,51,126.202524
1.63,15,126.234864
1.68,20,126.459906
1.57,23,126.506796
1.57,9,126.522421
1.75,27,126.573292
1.71,23,126.635807
1.6,12,126.69318
1.0,1,126.695445
1.68,20,126.742055
1.72,24,126.967104
1.6,12,126.999638
1.83,35,127.048545
1.57,17,127.106638
1.62,14,127.122298
1.68,20,127.153548
1.62,14,127.365386
1.72,26,127.430812
1.59,11,127.435825
1.63,19,127.474947
1.72,24,127.523782
1.63,15,127.540023
1.66,18,127.571304
1.66,18,127.768549
1.88,40,127.851284
1.54,6,127.864972
1.76,28,127.912214
1.6,12,127.927897
1.58,10,127.959299
1.6,12,127.977452
1.84,36,128.221534
1.65,17,128.252843
1.59,11,128.28402
1.5,2,128.286887
1.62,14,128.306656
1.7,24,128.353831
1.76,28,128.418043
1.68,20,128.635025
1.63,15,128.666284
2.2,81,128.798347
1.68,20,128.847293
1.73,25,129.091217
1.67,19,129.117168
2.08,60,129.227506
1.64,16,129.262745
1.69,21,129.479733
1.57,9,129.496222
1.61,13,129.510841
1.95,47,129.620373
1.74,26,129.654899
1.66,18,129.686149
1.68,20,129.894282
1.61,13,129.910153
1.55,7,129.925826
1.67,19,129.971372
1.68,20,130.002955
1.7,22,130.051415
1.71,23,130.098316
1.72,24,130.317345
1.72,25,130.36544
1.65,17,130.397385
1.65,17,130.428869
1.61,21,130.467209
1.71,23,130.513004
1.69,21,130.738264
1.54,6,130.748556
1.71,23,130.783166
1.63,15,130.815114
1.7,24,130.846595
1.62,14,130.877845
1.67,19,130.909094
1.83,50,131.184852
1.54,6,131.200848
1.62,14,131.231972
1.77,29,131.284883
1.76,28,131.332035
1.73,25,131.54982
1.58,10,131.565366
1.68,20,131.610806
1.57,10,131.626461
1.54,6,131.642334
1.7,24,131.68425
1.67,19,131.730685
1.97,50,131.988089
1.58,10,132.003959
1.59,11,132.01934
1.85,37,132.101521
1.79,31,132.164989
1.7,22,132.381011
1.69,22,132.412545
2.02,54,132.516119
1.62,14,132.531744
1.63,15,132.562994
1.59,11,132.597535
1.6,13,132.780848
1.81,34,132.85084
1.66,18,132.881683
1.86,39,132.955797
1.54,6,132.971423
1.83,38,133.227249
1.73,27,133.269034
1.63,15,133.300596
1.76,28,133.348324
1.68,21,133.395589
1.65,21,133.426831
1.56,16,133.64887
2.29,84,133.794207
1.62,14,133.825882
1.55,7,133.825882
1.49,13,133.856989
1.77,29,134.094815
1.64,16,134.126567
1.9,42,134.198422
1.62,14,134.214047
1.59,11,134.252534
1.68,20,134.474737
1.71,23,134.508023
1.63,15,134.540222
1.74,26,134.589491
1.56,8,134.605699
1.71,23,134.637249
2.21,82,134.980745
1.54,6,134.996403
1.73,29,135.043277
1.6,12,135.058902
2.15,68,135.357672
1.7,22,135.40153
2.15,69,135.709163
1.84,37,135.782531
1.61,13,135.813842
1.59,13,135.848381
1.57,9,135.848381
1.95,50,135.968194
1.64,16,136.173343
1.82,34,136.236119
1.09,57,136.333059
1.5,2,136.333059
1.79,31,136.566088
1.55,7,136.595324
1.62,14,136.626715
1.54,6,136.631747
1.74,26,136.678654
1.52,10,136.694559
1.59,11,136.709903
1.84,36,136.782558
1.7,22,136.996484
1.68,20,137.028004
1.62,14,137.059879
1.85,37,137.125371
1.61,13,137.140996
1.76,28,137.20464
1.51,3,137.20464
1.54,26,137.420364
1.65,17,137.451614
1.59,11,137.459878
1.71,23,137.510749
1.62,14,137.54203
1.68,20,137.573558
1.66,18,137.782401
1.95,48,137.877856
1.55,15,137.910851
1.74,26,137.959978
1.8,32,138.026581
1.73,25,138.252407
1.58,10,138.269182
1.43,13,138.285109
1.61,13,138.316339
1.79,32,138.380043
1.58,14,138.39584
1.63,15,138.426919
1.66,22,138.653617
1.61,13,138.682882
1.6,12,138.70086
1.6,12,138.716415
1.56,20,138.757952
1.64,18,138.775607
1.68,20,138.821378
1.61,13,138.837004
1.51,11,139.043219
1.59,11,139.058855
1.59,13,139.093105
1.57,11,139.109788
1.67,19,139.144195
1.58,10,139.160118
1.74,26,139.206976
1.55,7,139.228539
1.55,11,139.240163
1.86,46,139.496335
1.63,15,139.527585
1.59,13,139.543534
1.67,19,139.594301
1.64,16,139.623159
1.7,22,139.658523
1.85,39,139.905906
1.55,7,139.921839
1.85,37,139.999952
1.61,13,140.018679
1.72,24,140.065585
1.84,38,140.297448
2.1,63,140.422332
1.58,24,140.460924
1.58,10,140.492503
1.71,23,140.70583
1.71,23,140.760879
1.55,7,140.760879
1.57,9,140.792409
1.48,24,140.839283
1.93,45,140.909079
1.69,25,141.151921
1.69,21,141.190136
1.72,28,141.235908
1.59,13,141.267451
1.72,24,141.313147
1.76,28,141.360275
1.61,21,141.5801
1.54,10,141.594261
1.59,11,141.62559
1.66,22,141.658119
1.62,18,141.689371
1.66,19,141.735044
1.62,14,141.747521
1.84,38,141.992207
1.67,25,142.056744
1.66,20,142.094495
1.64,20,142.12197
1.85,37,142.200855
1.61,21,142.405676
1.55,7,142.421301
1.69,21,142.473557
1.6,12,142.493212
1.6,12,142.508837
1.71,23,142.555712
1.6,12,142.578398
1.7,22,142.610496
1.6,18,142.818565
1.59,11,142.834183
1.85,37,142.913929
1.63,15,142.945511
1.69,21,142.98891
1.66,18,143.014103
1.62,14,143.219245
1.57,9,143.234902
1.93,45,143.314084
1.51,7,143.341882
1.81,33,143.392849
1.88,40,143.644241
1.63,17,143.675523
1.59,11,143.691148
1.57,9,143.706772
1.66,18,143.747471
1.62,14,143.778735
1.6,18,143.811002
1.58,10,143.828178
1.59,11,143.844222
1.56,8,143.867146
1.68,20,144.072367
1.64,16,144.106739
1.62,14,144.122955
1.69,22,144.177597
1.57,13,144.193253
1.59,11,144.209209
1.64,16,144.240404
1.62,14,144.273443
1.71,23,144.494273
1.71,23,144.525554
1.62,18,144.556804
1.56,8,144.593244
1.56,18,144.609137
1.71,23,144.656047
1.59,11,144.671896
1.54,6,144.701795
1.69,21,144.90504
1.7,22,144.951652
1.65,17,144.982306
1.63,15,144.998201
1.65,17,145.031746
1.78,30,145.094245
1.6,12,145.283799
2.04,56,145.395571
1.99,52,145.481039
1.64,16,145.51227
1.54,6,145.700517
1.78,30,145.765953
1.91,43,145.833132
1.91,44,145.913269
1.63,17,146.128938
1.6,24,146.160187
1.69,21,146.208739
1.63,15,146.239036
1.95,50,146.326936
1.57,13,146.519299
1.53,5,146.534955
1.54,6,146.534955
1.75,27,146.604764
1.67,21,146.637097
1.61,13,146.668319
1.6,12,146.683975
1.77,29,146.731118
1.83,35,146.964314
1.69,21,147.019208
1.59,11,147.041119
1.84,36,147.110102
1.65,19,147.141382
1.64,18,147.334953
2.21,76,147.468398
1.68,20,147.515287
1.53,5,147.515287
1.61,19,147.54842
1.67,19,147.769264
1.59,13,147.784921
1.74,27,147.832045
1.64,16,147.864119
1.65,17,147.895835
1.78,35,147.972429
1.61,17,148.169389
1.94,51,148.265111
1.53,5,148.280978
1.74,26,148.319293
1.71,23,148.3662
1.68,20,148.583479
1.76,30,148.648425
1.65,21,148.679952
1.94,46,148.767044
1.59,11,148.782957
1.53,5,148.798314
1.6,12,148.99886
1.53,5,148.99886
1.57,9,149.030061
1.92,44,149.121368
1.61,13,149.136993
1.72,24,149.189078
1.67,19,149.220328
1.79,31,149.451649
1.67,19,149.48294
1.64,16,149.530985
1.89,42,149.6098
1.98,50,149.883287
1.84,36,149.952202
1.8,33,149.999627
1.67,19,150.04749
1.79,31,150.297408
1.67,19,150.328659
1.84,36,150.39351
1.66,18,150.42483
1.7,22,150.476766
1.89,42,150.729819
1.91,43,150.802483
1.68,22,150.849379
1.97,50,151.130996
1.71,23,151.162253
1.58,10,151.177899
1.83,37,151.259236
1.62,14,151.285027
1.54,6,151.285027
1.69,21,151.331748
1.54,6,151.347856
1.63,15,151.55165
1.62,14,151.567305
2.37,89,151.739373
1.5,6,151.764132
1.66,18,151.974483
1.52,8,151.993275
1.6,12,152.00893
1.78,30,152.056077
1.6,16,152.104651
1.75,27,152.142264
1.69,21,152.173835
1.69,22,152.407437
1.64,16,152.439385
1.66,18,152.464198
1.64,16,152.49583
1.55,7,152.512502
1.69,21,152.543521
1.63,21,152.589157
1.76,28,152.803248
1.6,12,152.835467
1.79,35,152.901482
1.58,10,152.917382
1.78,30,152.981051
2.37,91,153.318293
1.64,16,153.346095
1.6,12,153.361739
1.59,15,153.396104
1.67,19,153.604892
1.6,16,153.636041
1.83,35,153.698835
1.64,18,153.731784
1.78,31,153.791601
1.61,17,153.830831
1.82,34,154.087118
1.52,4,154.090118
1.6,12,154.106019
1.86,38,154.183986
1.61,15,154.199611
1.68,22,154.246844
1.63,15,154.455928
1.77,29,154.510994
1.63,15,154.52692
1.57,9,154.542538
1.79,31,154.610924
1.64,18,154.642209
1.63,23,154.843509
2.13,65,154.974575
1.78,30,155.030861
1.96,48,155.303773
1.56,8,155.303773
1.9,46,155.397527
1.76,28,155.44482
1.69,22,155.485958
1.7,22,155.718488
1.8,32,155.762584
1.51,5,155.778229
1.6,12,155.809946
1.82,34,155.858096
1.66,18,155.889347
1.56,22,156.123349
1.6,24,156.170468
1.61,13,156.186365
1.69,21,156.217343
1.88,40,156.295902
1.59,11,156.311292
1.77,29,156.537316
1.61,17,156.576751
1.75,27,156.621394
1.75,30,156.668268
1.66,18,156.705913
1.88,44,156.971433
1.56,8,156.987096
1.66,18,157.019291
1.76,28,157.066196
1.69,21,157.116858
1.64,16,157.151628
1.53,5,157.151628
1.64,16,157.359281
1.94,46,157.441154
1.68,20,157.480161
1.78,30,157.526949
1.56,8,157.546355
1.56,12,157.564182
1.54,10,157.773127
1.72,24,157.808852
1.6,12,157.824377
1.68,20,157.855543
1.64,16,157.894283
1.67,19,157.925566
1.62,14,157.956814
1.51,3,157.970241
1.64,16,158.189289
1.73,25,158.225846
1.56,8,158.2415
1.6,12,158.256851
1.59,11,158.272853
1.71,23,158.326893
1.54,6,158.326893
1.62,14,158.358141
1.53,5,158.373814
1.7,22,158.593464
1.64,17,158.615124
1.88,41,158.703152
1.66,18,158.739187
1.56,8,158.751801
2.12,66,159.056801
1.86,38,159.122473
1.58,10,159.15461
1.64,16,159.189175
1.92,44,159.439494
2.15,68,159.564498
2.0,52,159.669405
1.77,29,159.886131
1.79,33,159.956078
1.73,25,159.999091
1.51,15,160.031383
1.54,6,160.046511
1.67,19,160.078959
1.33,45,160.32966
1.76,28,160.377769
1.64,16,160.410045
1.66,18,160.441592
1.54,6,160.46267
1.65,20,160.680813
1.56,8,160.680813
1.7,22,160.734995
1.58,10,160.747611
1.55,7,160.763115
1.74,26,160.822513
1.61,13,160.846474
1.93,49,161.094305
1.76,30,161.161062
1.6,12,161.176701
1.79,31,161.239495
2.11,64,161.524853
1.53,7,161.54049
1.57,9,161.556085
1.6,12,161.595479
1.69,21,161.630031
1.62,14,161.645386
1.71,23,161.694345
1.56,8,161.71
1.7,22,161.927761
1.53,9,161.936011
1.81,33,161.998544
1.74,26,162.04784
1.96,51,162.148486
1.85,38,162.419327
1.51,3,162.419327
1.83,35,162.488523
1.73,25,162.519464
1.66,19,162.572592
1.64,18,162.780855
1.76,28,162.843814
1.6,12,162.865049
1.67,19,162.897805
1.55,7,162.91336
2.08,61,163.198534
1.19,25,163.245823
1.63,15,163.276935
1.75,27,163.331077
1.94,46,163.410965
1.56,8,163.426873
1.54,6,163.624727
1.64,16,163.642813
1.59,11,163.658275
1.58,10,163.673631
2.15,67,163.810088
1.61,13,163.847515
1.6,12,164.030834
1.84,36,164.122489
1.57,9,164.138447
1.75,27,164.186035
1.51,3,164.201693
1.59,11,164.217569
1.87,39,164.449669
1.74,26,164.505266
2.01,56,164.619376
1.59,11,164.635031
1.69,21,164.666281
1.67,19,164.863152
1.63,23,164.910015
1.59,11,164.943516
1.78,30,164.991529
1.99,54,165.106124
1.49,5,165.277648
1.64,16,165.308929
1.74,26,165.357051
1.68,20,165.389168
1.71,23,165.436293
1.78,30,165.493838
1.62,14,165.694338
1.58,20,165.72562
1.59,11,165.75178
1.56,8,165.766797
1.71,25,165.814514
1.61,19,165.845433
1.52,4,165.845433
1.66,18,165.876812
1.57,13,165.91422
1.62,14,166.123436
1.69,21,166.156941
1.59,11,166.172876
1.87,39,166.251662
1.63,15,166.283259
1.66,18,166.314423
1.6,12,166.344522
1.67,19,166.528845
1.71,23,166.576788
1.72,24,166.626705
1.67,19,166.656615
1.64,16,166.701791
1.7,22,166.738157
1.55,11,166.919381
1.62,14,166.950663
1.69,21,166.983449
1.58,10,166.999094
1.56,8,167.031837
1.69,21,167.063451
1.87,40,167.148514
1.83,35,167.373514
1.54,6,167.389169
1.59,11,167.404829
1.73,25,167.451915
1.59,11,167.47696
1.71,23,167.521502
1.63,15,167.537127
1.69,21,167.757043
1.66,18,167.788565
1.6,12,167.823504
1.57,9,167.823504
1.51,5,167.839411
1.64,16,167.870835
1.5,2,167.870835
1.57,9,167.886035
1.7,22,167.938192
1.99,51,168.199661
1.79,33,168.267845
1.96,49,168.360999
1.56,8,168.360999
1.69,21,168.576746
1.61,13,168.608048
1.58,10,168.610048
1.0,1,168.625703
1.61,13,168.641577
1.66,18,168.689203
1.67,19,168.721483
1.68,20,168.755969
1.59,11,168.782011
1.71,23,169.019364
1.54,16,169.035008
1.53,5,169.050645
1.47,23,169.110048
1.5,12,169.125691
1.73,25,169.172579
1.74,26,169.219396
1.65,21,169.447603
1.55,7,169.447603
2.0,56,169.548521
1.79,31,169.614559
1.56,8,169.629793
1.69,21,169.661035
1.56,8,169.866405
1.6,16,169.897526
1.96,49,169.994372
2.01,53,170.094347
1.65,17,170.302859
1.51,3,170.310063
1.58,10,170.322563
1.85,37,170.395869
1.81,33,170.451817
1.65,17,170.483082
1.82,34,170.714159
1.57,9,170.749562
2.07,62,170.863824
1.64,16,170.890204
1.8,39,171.165185
1.81,35,171.227961
1.62,14,171.243831
2.31,102,171.598549
1.62,14,171.629818
1.28,31,171.676836
1.83,36,171.746813
1.59,11,171.954653
1.65,20,171.989282
1.61,13,172.004299
1.6,14,172.036026
1.72,24,172.083266
1.92,50,172.175948
1.64,16,172.385334
1.64,17,172.41649
1.58,10,172.432086
1.82,34,172.486041
1.67,19,172.517323
1.54,6,172.532948
1.77,29,172.786905
1.83,35,172.84979
1.71,23,172.896911
1.62,14,172.927574
1.68,20,172.955957
1.78,30,173.031867
1.74,26,173.23531
1.69,21,173.285297
1.85,37,173.347809
1.91,43,173.43232
1.71,23,173.645813
1.58,20,173.677068
1.6,12,173.69281
1.64,16,173.723556
1.68,20,173.767451
1.65,17,173.798945
1.59,23,173.847863
1.73,25,174.083529
1.69,21,174.110089
1.0,1,174.110089
1.64,16,174.158071
1.71,23,174.192352
1.58,10,174.208251
1.71,23,174.240508
1.63,15,174.456194
1.63,15,174.484765
2.02,56,174.58407
1.66,18,174.626043
1.67,21,174.657023
1.61,13,174.672648
1.75,29,174.919555
1.66,18,174.939197
1.57,9,174.968569
1.55,7,174.968569
1.63,18,175.000107
1.69,21,175.047852
1.71,23,175.093439
1.95,47,175.356871
1.56,16,175.372526
1.59,11,175.404049
1.53,21,175.447682
1.58,10,175.452725
1.59,11,175.476763
1.84,36,175.705099
1.8,32,175.779942
1.74,26,175.812572
1.62,14,175.843817
1.51,3,175.843817
1.57,9,175.859349
1.65,17,175.909382
1.58,14,176.104927
1.56,8,176.136077
1.57,9,176.151732
1.6,20,176.193491
1.7,22,176.240218
1.58,10,176.255873
1.46,10,176.271498
1.79,31,176.336082
1.68,20,176.536262
1.56,12,176.552717
1.53,5,176.568519
1.68,20,176.60183
1.94,46,176.695846
1.88,42,176.944808
1.91,43,214.530291
1.81,33,214.606262
1.89,41,214.6848
1.62,14,214.888438
1.53,5,214.890438
1.83,35,214.95932
1.76,28,215.011459
1.7,23,215.060344
1.58,32,215.308193
1.62,14,215.33983
1.63,15,215.377068
1.59,14,215.393993
1.55,8,215.418355
1.6,12,215.42344
1.64,16,215.464479
1.67,19,215.497848
1.66,18,215.529377
1.74,26,215.756318
1.54,10,215.771976
1.76,28,215.819676
1.55,7,215.835805
1.67,19,215.866913
1.68,22,215.915902
1.65,17,215.956095
1.62,14,216.167848
1.65,17,216.199045
1.72,24,216.248752
1.63,15,216.280033
1.8,32,216.343215
1.5,2,216.347225
1.82,34,216.594636
1.69,22,216.62617
1.87,39,216.705087
1.66,18,216.747948
1.53,5,216.747948
1.5,2,216.747948
1.64,16,216.786309
1.69,25,217.034512
1.71,23,217.0658
1.83,37,217.138403
1.62,14,217.169923
1.59,11,217.185561
1.56,14,217.222816
1.96,48,217.471821
1.02,54,217.590501
1.74,26,217.629154
1.7,22,217.676919
1.74,27,217.904963
1.63,15,217.920587
1.6,16,217.986445
2.32,87,218.318778
1.73,25,218.365804
1.84,37,218.446112
1.83,36,218.516663
1.76,28,218.743812
1.78,30,218.803328
1.67,19,218.83643
1.59,15,218.85236
1.75,27,218.899229
1.68,22,218.952858
1.69,21,219.17706
1.59,13,219.193047
1.57,9,219.20834
1.71,23,219.271653
1.91,43,219.34079
1.72,24,219.389846
1.69,29,219.630498
1.75,27,219.672802
1.59,13,219.711285
1.59,11,219.727208
1.62,18,219.767688
1.95,71,220.086118
1.76,29,220.148801
1.62,14,220.164456
2.11,63,220.477971
1.9,42,220.540502
1.6,12,220.573831
1.52,8,220.597945
1.72,37,220.649898
1.65,17,220.869977
1.62,16,220.902971
1.93,45,220.992667
1.86,43,221.070961
1.75,27,221.299893
1.89,42,221.378394
1.71,23,221.426605
1.65,17,221.46029
1.55,7,221.46029
1.67,19,221.49185
2.13,87,221.820936
1.69,21,221.871592
1.66,18,221.90514
1.61,13,222.111296
2.02,54,222.207134
1.67,19,222.238806
1.85,37,222.323811
1.76,28,222.544652
1.62,22,222.589359
1.63,15,222.6093
1.76,31,222.673095
1.6,14,222.688809
1.57,9,222.704078
1.62,14,222.735824
1.53,19,222.956214
1.77,36,223.025159
1.63,15,223.040784
1.59,11,223.075629
1.64,16,223.114514
1.6,12,223.130139
1.53,9,223.146095
1.72,24,223.373785
1.64,16,223.389842
1.75,27,223.447854
1.94,46,223.526333
1.54,14,223.557795
1.67,19,223.602039
1.54,8,223.780198
1.89,41,223.860327
1.63,15,223.890121
1.55,7,223.890121
1.81,33,223.96782
1.67,19,223.997015
1.67,19,224.189479
1.63,15,224.220729
1.69,25,224.270905
1.53,17,224.306151
1.67,19,224.337401
1.48,6,224.353026
1.69,21,224.385359
1.65,17,224.602998
1.5,2,224.602998
1.71,23,224.63456
1.64,16,224.6658
1.8,32,224.73007
1.97,50,224.819673
1.63,15,225.027971
1.83,35,225.090479
1.61,13,225.125607
1.58,12,225.143688
1.67,19,225.174969
1.74,26,225.235399
1.71,23,225.454237
1.84,36,225.505776
1.76,28,225.569627
2.11,63,225.84598
1.6,12,225.876985
1.56,12,225.898475
1.63,17,225.931546
1.56,12,225.947035
1.9,42,226.036449
1.76,29,226.257141
1.77,29,226.304296
2.07,62,226.420022
1.61,19,226.46724
1.74,28,226.689813
1.67,19,226.728026
1.61,17,226.756238
1.66,18,226.786892
1.55,7,226.802828
1.64,16,226.836366
1.62,14,226.852293
1.99,51,227.118927
1.87,40,227.197106
1.78,30,227.260988
1.69,21,227.293945
1.65,17,227.490501
1.72,24,227.537406
1.69,21,227.568656
1.68,20,227.626918
1.54,6,227.626918
1.73,29,227.674052
1.61,17,227.723128
1.97,49,227.986499
1.7,22,228.037607
1.63,15,228.055264
1.63,15,228.094808
1.65,17,228.124895
1.74,26,228.334779
1.48,20,228.381399
1.98,50,228.477245
1.53,5,228.490493
1.63,15,228.506392
1.75,27,228.781763
1.77,31,228.820802
1.91,43,228.902127
1.67,21,228.949282
1.63,19,228.99383
1.75,141,229.627755
1.53,5,229.636428
1.68,20,229.670335
1.73,25,229.723474
1.68,20,229.759861
1.67,19,229.785398
1.62,14,229.817555
1.54,8,229.832157
1.59,11,229.847814
1.82,34,230.103861
1.97,51,230.199689
2.11,63,230.497872
1.61,13,230.520961
2.16,68,230.656234
1.64,16,230.681231
1.59,21,230.885796
1.45,21,230.916951
1.67,19,230.959287
1.56,8,230.977088
1.68,24,231.008849
1.68,20,231.055508
1.63,23,231.118978
1.62,14,231.335334
1.59,11,231.364562
1.65,17,231.413618
1.65,17,231.434352
1.54,6,231.450252
1.61,13,231.46042
1.95,47,231.555388
1.54,6,231.571009
1.61,13,231.76105
1.54,6,231.765596
1.65,17,231.800941
1.63,15,231.827826
1.56,12,231.847879
1.87,39,231.930698
1.53,7,231.943794
1.62,14,231.970484
1.6,12,232.177315
1.8,32,232.244545
1.62,14,232.267919
1.97,50,232.360885
1.87,40,232.600315
1.85,37,232.672601
1.7,22,232.706253
1.51,3,232.713962
1.52,4,232.722121
1.64,16,232.755195
1.85,37,232.993761
1.62,14,233.009401
1.49,35,233.094656
1.75,27,233.141562
1.63,19,233.172812
1.63,17,233.210551
1.83,36,233.464598
2.04,56,233.565866
1.62,14,233.594762
1.62,14,233.611402
1.61,13,233.642951
1.62,14,233.847931
1.69,25,233.892194
1.65,17,233.927645
1.95,49,234.033002
1.66,18,234.053668
1.56,8,234.069293
1.52,24,234.289782
1.72,24,234.36492
1.65,19,234.394646
1.65,17,234.425927
1.52,4,234.425927
1.48,4,234.456205
1.93,47,234.697899
1.68,20,234.745043
2.0,54,234.859741
1.63,15,234.880243
1.72,24,234.931458
1.56,8,234.931458
1.64,16,235.161212
2.02,54,235.281248
1.71,23,235.340042
1.46,16,235.371859
1.8,32,235.626038
1.57,9,235.643167
1.66,18,235.671894
1.96,51,235.780358
1.53,5,235.795993
1.6,12,235.811615
1.59,11,235.842878
1.57,9,235.859667
1.55,11,236.056106
1.88,40,236.121818
1.72,24,236.169022
1.67,19,236.206297
1.63,19,236.247979
1.64,16,236.447908
1.65,17,236.479209
1.62,14,236.495167
1.68,20,236.542745
1.55,7,236.542745
1.6,12,236.574269
1.72,24,236.605505
1.58,14,236.636378
1.88,45,236.891926
1.72,24,236.939503
1.77,29,236.992738
1.7,22,237.039893
1.54,6,237.039893
1.82,37,237.286397
1.81,33,237.347057
1.54,6,237.362846
1.69,21,237.409952
1.53,13,237.428054
1.77,29,237.501575
1.75,27,237.727186
1.79,31,237.776089
1.71,23,237.807351
1.67,29,237.875278
1.5,6,237.875278
1.71,23,238.101244
1.63,21,238.132246
1.51,29,238.196567
1.34,34,238.261212
1.67,19,238.292725
1.77,31,238.537796
1.57,21,238.569002
1.62,14,238.607193
1.66,20,238.638766
1.9,42,238.731598
1.58,10,238.747126
1.71,23,238.96137
1.69,21,238.989778
1.59,19,239.051019
1.68,20,239.084579
1.6,12,239.099929
1.61,13,239.137476
1.93,45,239.401135
1.89,41,239.506395
1.44,26,239.537645
1.59,11,239.57231
1.65,17,239.618707
1.35,35,239.876343
1.46,18,239.894775
1.51,17,239.943925
1.73,25,239.984463
1.57,9,240.0001
1.68,20,240.048557
1.6,12,240.079833
1.73,27,240.320996
1.91,43,240.393717
1.8,32,240.46556
1.9,45,240.72202
1.87,39,240.7979
1.61,13,240.813825
1.72,24,240.860794
1.98,50,241.157313
1.65,17,241.198318
1.73,25,241.22815
1.69,21,241.285461
1.61,13,241.294714
1.58,26,241.354164
1.56,8,241.370183
1.48,16,241.694579
1.77,29,241.748311
1.58,10,241.765518
2.02,54,241.877483
1.78,30,241.935805
1.61,13,242.140121
1.64,16,242.169156
1.7,22,242.210778
1.78,30,242.275534
1.97,49,242.37616
1.6,20,242.58548
1.59,11,242.623085
1.71,24,242.677542
1.9,42,242.760934
1.61,13,242.776564
1.76,29,243.000028
1.64,40,243.062577
1.67,19,243.102237
1.59,11,243.111513
1.7,22,243.142796
1.52,4,243.162724
1.68,20,243.1804
1.62,14,243.398043
1.62,21,243.447796
1.69,21,243.479048
1.59,11,243.494675
1.57,9,243.510297
1.63,15,243.544873
1.65,17,243.586056
1.66,18,243.623029
1.56,8,243.80584
1.68,20,243.836504
1.83,35,243.904796
1.59,11,243.920429
1.69,21,243.957349
1.57,10,243.982185
1.64,17,244.017246
1.72,24,244.236504
1.63,15,244.271258
1.65,17,244.299054
1.86,38,244.377335
1.53,5,244.386108
1.78,30,244.43562
1.72,24,244.675179
1.59,11,244.682395
1.73,25,244.744093
1.64,16,244.774058
1.66,18,244.805349
1.57,12,244.820973
1.91,43,245.056789
1.66,18,245.093917
1.95,47,245.172063
1.53,9,245.201188
1.89,48,245.419984
1.57,9,245.443929
1.66,18,245.47966
1.85,39,245.548281
1.72,24,245.589764
1.79,31,245.635603
1.67,19,245.852403
1.71,23,245.890688
1.66,18,245.933607
1.55,9,245.949062
1.57,9,245.956519
1.65,17,245.999186
1.68,20,246.042414
1.55,7,246.05534
1.67,19,246.263961
1.47,11,246.281573
1.84,37,246.352426
1.71,23,246.399284
1.7,24,246.452445
1.84,36,246.716722
1.94,46,246.811583
1.53,7,246.824306
1.8,32,246.88442
1.7,22,246.932169
1.59,15,247.177659
1.63,15,247.205516
1.67,19,247.237186
1.76,28,247.285927
1.53,5,247.296088
1.57,13,247.319234
1.58,14,247.343011
1.73,26,247.39434
1.66,18,247.627715
1.56,8,247.643343
1.56,20,247.677521
1.61,13,247.694158
1.55,7,247.719679
1.69,23,247.756597
1.55,7,247.764947
1.89,41,248.073205
1.65,17,248.098307
1.6,12,248.116276
1.56,8,248.127473
1.72,24,248.176348
1.0,1,248.178349
1.86,46,248.248273
2.05,59,248.601342
1.73,25,248.646363
1.7,22,248.677561
1.64,16,248.719247
1.69,23,248.971308
1.69,21,249.013994
1.61,13,249.043065
1.61,13,249.065018
1.61,13,249.085897
1.59,15,249.116456
1.55,7,249.131764
1.64,16,249.161224
1.54,6,249.172343
1.61,13,249.197309
1.73,25,249.471329
1.64,16,249.499259
1.63,15,249.510867
1.91,43,249.584785
1.53,5,249.606967
1.65,17,249.637655
1.62,14,249.893037
1.65,17,249.931592
1.73,29,249.99731
1.75,27,250.052525
1.78,30,250.111309
1.5,6,250.122245
1.7,22,250.336959
1.49,9,250.352457
1.63,19,250.387321
1.64,16,250.422305
1.66,18,250.452626
1.76,28,250.504638
1.53,5,250.517373
2.16,71,250.851648
1.72,24,250.891867
1.59,11,250.917099
1.8,32,250.974468
1.61,15,251.001009
1.64,16,251.200969
1.88,40,251.283838
1.52,14,251.307187
1.42,50,251.400911
1.57,9,251.419168
1.8,32,251.660289
1.64,16,251.691059
1.67,19,251.726791
1.67,19,251.761084
1.63,19,251.794222
1.66,21,251.834672
2.13,69,252.131932
1.68,20,252.171581
1.55,7,252.185892
1.84,36,252.253595
1.55,9,252.444366
1.94,47,252.529551
2.16,70,252.662034
1.55,15,252.8671
1.57,21,252.906039
1.91,45,252.991052
1.7,22,253.031786
1.96,50,253.3004
1.53,5,253.311995
1.61,13,253.337062
1.62,18,253.370539
1.59,11,253.391984
1.2,58,253.501394
1.81,33,253.734736
1.73,25,253.787416
1.62,14,253.812957
1.55,7,253.82539
1.7,22,253.862116
1.68,20,253.906013
1.66,18,254.123196
1.62,16,254.155585
1.57,13,254.181922
1.73,25,254.229633
1.7,22,254.279724
1.52,4,254.287835
1.67,19,254.325412
1.62,14,254.352584
1.69,22,254.567657
1.68,20,254.611261
1.71,23,254.65249
1.64,18,254.687305
1.88,40,254.762084
1.75,27,254.986027
1.59,11,255.00485
1.75,27,255.057087
1.72,24,255.101914
1.53,5,255.116148
1.66,18,255.152292
1.61,13,255.17443
1.63,15,255.380713
1.68,21,255.422267
1.71,23,255.466876
1.62,14,255.496831
1.63,15,255.525416
1.65,17,255.560918
1.62,14,255.589239
1.73,25,255.81309
1.74,26,255.862002
1.69,21,255.902697
1.71,25,255.950486
1.77,29,256.005023
1.64,16,256.035762
1.73,25,256.26205
1.77,29,256.323233
2.22,82,256.650491
1.65,17,256.681846
1.61,13,256.705441
1.59,11,256.729591
1.57,9,256.747743
0.63,89,257.103364
1.79,31,257.189764
1.84,36,257.277935
1.52,4,257.286467
1.76,28,257.347696
1.81,34,257.6068
1.71,23,257.652619
1.73,25,257.699455
1.63,15,257.729643
1.57,29,257.787966
1.5,2,257.792133
1.5,10,257.810771
1.82,34,258.050594
1.75,27,258.100797
1.54,12,258.125451
1.74,29,258.195261
2.1,85,258.556749
1.84,36,258.627937
1.94,46,258.892007
1.63,15,258.919215
1.6,12,258.944099
1.78,31,259.000862
1.54,6,259.013821
1.62,20,259.04963
1.52,4,259.056762
1.6,12,259.081003
2.16,68,259.387359
1.62,18,259.428048
2.22,74,259.755631
1.64,16,259.786828
1.61,13,259.813058
1.54,26,259.862964
1.86,38,259.934785
1.8,33,260.160913
1.56,8,260.184875
2.12,66,260.317179
1.77,30,260.356786
1.77,31,260.627582
1.86,40,260.70443
1.59,11,260.724429
1.61,13,260.751506
1.67,19,260.787527
1.61,13,260.815347
1.68,20,261.025919
1.65,17,261.055626
1.65,17,261.08583
1.66,18,261.125369
1.6,12,261.151315
1.69,21,261.190098
1.83,35,261.256386
1.66,18,261.470186
1.56,8,261.485909
1.62,14,261.516019
1.65,17,261.550093
1.67,19,261.585905
1.84,36,261.655652
1.86,38,261.907761
1.67,23,261.952564
1.49,3,261.952564
1.64,17,261.992759
1.63,27,262.045396
1.65,17,262.078671
1.77,29,262.316534
1.57,11,262.334778
1.58,10,262.355702
1.74,27,262.406611
1.6,12,262.424863
1.53,5,262.424863
1.68,20,262.479702
1.56,10,262.488969
1.52,4,262.488969
1.77,30,262.740127
2.02,54,262.848475
1.48,10,262.866133
1.53,9,262.884689
1.62,18,262.921177
1.61,13,262.947133
1.56,10,262.963942
1.7,22,263.183453
1.55,7,263.195289
1.61,21,263.223469
1.62,14,263.264374
1.68,20,263.301472
1.74,26,263.353654
1.56,14,263.38394
1.56,12,263.403879
1.54,6,263.594166
1.61,13,263.620329
2.01,53,263.719271
1.7,22,263.761955
1.63,15,263.79009
1.65,17,263.823245
1.6,12,264.021816
1.55,7,264.033968
1.54,6,264.047329
1.54,6,264.057801
1.54,14,264.083904
1.64,20,264.124525
1.63,15,264.152515
1.58,20,264.194425
1.64,16,264.225643
1.54,14,264.252586
1.6,12,264.452372
1.75,27,264.501535
1.59,11,264.524959
1.78,33,264.590161
1.81,33,264.652659
1.64,16,264.863008
1.69,21,264.891102
1.7,26,264.958825
1.61,13,264.985693
1.73,25,265.03183
1.67,19,265.060879
1.62,14,265.085856
1.62,14,265.28588
1.65,17,265.326473
1.97,51,265.41925
1.58,12,265.448953
1.59,11,265.465137
1.66,18,265.485964
1.69,21,265.717196
1.61,13,265.740107
1.68,20,265.783674
1.67,19,265.819241
1.72,25,265.867963
1.73,25,265.916241
2.13,66,266.21672
1.59,11,266.23481
1.67,19,266.268228
1.88,44,266.358851
1.67,19,266.568148
1.69,21,266.721344
1.55,7,266.735939
1.56,16,266.770583
1.95,49,266.866263
1.64,16,266.897283
1.66,18,267.100523
1.67,19,267.134829
1.65,17,267.169683
1.67,19,267.216811
1.66,18,267.251518
1.58,10,267.271221
1.49,17,267.303483
1.98,54,267.593194
1.55,7,267.597294
2.17,73,267.752631
1.59,11,267.952607
1.82,34,268.026535
1.75,27,268.079739
1.59,15,268.101556
1.87,39,268.184935
1.68,20,268.40155
1.74,26,268.452603
1.58,10,268.467621
1.85,37,268.548325
1.64,16,268.578819
1.6,16,268.606058
1.73,25,268.834946
1.64,16,268.872607
1.83,35,268.940272
1.95,47,269.033814
1.64,17,269.069661
1.71,23,269.294348
1.64,16,269.324491
1.55,15,269.352612
1.61,13,269.386122
1.63,15,269.415177
1.61,15,269.441183
1.58,10,269.461978
2.01,61,269.752609
1.82,34,269.824453
1.52,12,269.848346
1.55,7,269.860977
1.61,15,269.885929
1.62,14,269.920232
1.71,23,270.132871
1.56,8,270.151536
1.73,25,270.197042
1.63,15,270.229064
2.03,57,270.338471
1.66,18,270.607282
1.58,10,270.633486
1.58,10,270.65444
1.77,29,270.707877
1.62,14,270.723432
2.0,53,270.834034
1.59,11,271.021326
1.64,16,271.052671
1.63,15,271.08174
1.69,21,271.119301
1.69,21,271.157839
1.64,16,271.185963
1.58,10,271.20159
1.66,18,271.234921
1.61,13,271.438287
1.54,6,271.451542
1.62,14,271.47136
1.61,13,271.498435
1.59,11,271.522434
1.56,12,271.544152
1.98,53,271.628576
1.81,51,271.911217
1.59,11,271.919253
1.56,8,271.946121
1.66,18,271.98183
1.64,16,272.025188
1.6,12,272.060341
1.62,14,272.094777
1.67,19,272.340351
1.68,20,272.378276
1.56,8,272.386088
1.82,34,272.453345
1.72,24,272.494428
1.66,18,272.524674
1.52,4,272.531673
1.85,37,272.754782
1.66,18,272.789286
1.62,14,272.815954
1.55,7,272.83306
1.71,23,272.880759
1.52,10,272.899099
1.71,23,272.948979
1.54,16,273.149649
1.7,24,273.190738
1.58,14,273.213884
1.54,6,273.224883
1.99,51,273.309961
1.64,35,273.537106
1.8,32,273.599632
1.79,31,273.651403
1.7,22,273.680879
1.62,18,273.712141
1.69,25,273.897751
1.41,11,273.91335
1.4,32,273.974592
1.76,29,274.011085
1.51,5,274.026724
1.67,19,274.058245
1.66,18,274.274462
1.81,33,274.34527
1.84,36,274.417454
1.55,7,274.432126
1.56,8,274.444917
1.92,44,274.671793
1.66,18,274.702795
1.67,19,274.737386
1.52,4,274.740385
1.57,9,274.756032
2.03,56,274.849546
1.53,5,274.849546
1.45,27,275.04896
1.68,20,275.076895
1.7,22,275.108146
1.75,27,275.168478
1.62,14,275.187133
1.58,10,275.202799
1.62,15,275.218383
1.56,8,275.234008
1.6,12,275.403093
2.1,63,275.515789
1.88,41,275.578194
1.58,14,275.76124
1.64,16,275.778662
1.68,20,275.825851
1.79,31,275.862707
1.64,16,275.893972
1.68,20,275.938346
1.65,17,275.956011
1.89,41,276.18003
1.52,4,276.18003
1.63,15,276.211281
1.61,13,276.227149
1.76,31,276.288804
2.14,67,276.548894
1.61,13,276.580864
1.67,19,276.60308
1.58,10,276.618771
1.53,5,276.634337
1.75,27,276.681951
1.63,15,276.698595
1.5,2,276.698595
1.65,21,276.901829
1.72,24,276.935382
1.78,30,276.98226
1.65,21,277.0196
1.54,6,277.035255
1.58,10,277.05115
1.72,24,277.242472
1.65,21,277.277093
1.64,16,277.292792
1.66,18,277.335055
1.83,67,277.585439
1.76,28,277.632271
1.96,49,277.713485
1.88,40,277.791311
1.68,20,277.984146
1.66,18,278.002801
1.74,26,278.049948
1.73,25,278.098815
1.78,30,278.135372
1.67,19,278.335135
1.66,18,278.366529
1.58,10,278.38226
1.74,26,278.419569
2.03,61,278.532981
1.76,28,278.731892
1.7,22,278.761367
1.63,15,278.792746
1.59,11,278.808244
1.77,29,278.862193
1.6,18,278.878181
1.89,43,279.114781
1.69,27,279.162133
1.72,24,279.209304
1.63,15,279.240299
1.7,22,279.274782
1.7,22,279.510319
1.91,43,279.59127
1.61,13,279.619875
1.8,32,279.66659
1.64,16,279.704822
1.63,19,279.929211
1.67,19,279.947865
1.53,5,279.963792
1.77,29,280.010514
1.53,6,280.041479
1.57,9,280.057135
1.61,13,280.07276
1.72,24,280.119635
1.72,24,280.330035
1.58,22,280.390698
1.71,23,280.426
1.67,19,280.457536
1.66,18,280.503996
1.65,17,280.519919
1.62,18,280.551172
1.68,20,280.775863
1.55,7,280.791815
1.72,32,280.856139
1.6,12,280.872031
1.61,13,280.903014
1.67,19,280.948796
1.67,19,280.98135
1.63,15,281.178002
1.69,21,281.209538
1.64,20,281.256456
1.76,28,281.303018
1.54,12,281.318643
1.59,11,281.35014
1.6,16,281.381437
1.7,22,281.583507
1.37,45,281.678879
1.82,34,281.760247
1.59,11,281.775872
1.74,26,281.836501
1.82,34,282.065892
1.55,7,282.081527
1.68,22,282.128318
1.78,30,282.198061
1.64,16,282.213846
1.64,16,282.262291
1.95,47,282.55205
1.73,25,282.614432
1.74,27,282.661307
1.61,13,282.699713
1.62,14,282.715368
1.62,14,282.928982
1.77,29,282.976159
1.72,24,283.024799
1.66,18,283.056079
1.67,19,283.087743
1.78,30,283.153217
1.69,21,283.361775
1.54,6,283.377187
1.65,17,283.408437
1.57,9,283.424056
1.88,40,283.493818
2.29,87,283.848062
1.78,32,283.910554
1.62,14,283.92615
1.62,14,283.957155
1.68,20,283.995703
1.59,11,284.199831
1.56,8,284.199831
2.04,72,284.347051
1.7,24,284.378304
1.86,116,284.778441
1.61,13,284.809691
2.12,93,285.152064
1.94,48,285.230388
1.71,23,285.440293
1.75,27,285.486765
1.63,15,285.519839
1.63,15,285.551389
1.59,17,285.582434
1.86,39,285.825124
1.58,10,285.857238
1.71,23,285.904437
1.52,4,285.904437
1.76,28,285.966446
1.69,21,285.997976
1.66,22,286.029254
1.56,8,286.044851
1.86,52,286.31546
1.69,21,286.34671
1.71,23,286.399699
1.78,30,286.447796
1.53,5,286.463421
1.59,11,286.644665
1.6,12,286.660844
1.67,19,286.711902
1.62,14,286.739829
1.64,20,286.770992
1.6,13,286.786788
1.71,23,286.83317
1.53,9,286.849157
1.96,95,287.197757
1.77,33,287.260508
2.0,53,287.527173
1.52,4,287.527173
1.79,31,287.589924
1.76,28,287.640802
1.65,17,287.67205
1.6,14,287.869586
1.58,10,287.885212
1.63,15,287.916766
1.7,22,287.965793
1.56,12,287.981462
1.8,32,288.045716
1.68,20,288.081533
1.56,12,288.304854
1.83,37,288.388515
1.67,19,288.421503
1.76,28,288.48431
1.72,24,288.561365
1.87,39,288.861433
1.6,18,288.903101
1.61,13,288.918728
1.73,25,288.973908
1.56,8,288.973908
1.59,11,289.011398
1.65,17,289.036316
1.79,33,289.248988
1.65,17,289.280236
1.61,13,289.317412
1.91,46,289.391806
1.62,14,289.407186
1.75,27,289.685352
1.5,2,289.689331
1.69,21,289.72807
1.64,16,289.763817
1.56,8,289.78014
1.72,24,289.806231
1.54,6,289.821856
1.75,27,289.876778
1.58,14,289.898918
1.94,46,290.219473
1.69,21,290.256498
1.75,31,290.316385
1.57,9,290.332779
1.53,5,290.341369
1.64,20,290.568546
1.6,12,290.596705
1.54,6,290.606896
1.63,15,290.631491
1.66,18,290.664381
1.56,8,290.682294
1.65,23,290.753133
1.57,11,290.795436
1.6,12,290.826989
1.86,38,291.122923
1.82,37,291.176157
1.63,15,291.191784
1.66,18,291.224815
1.51,3,291.224815
2.01,53,291.461765
1.57,21,291.508235
1.62,20,291.543432
1.78,30,291.589894
1.68,22,291.621207
1.73,29,291.827173
1.72,24,291.87398
1.6,16,291.893853
1.99,51,291.983602
1.69,24,292.021935
1.64,18,292.217884
1.71,23,292.256832
1.16,48,292.342693
1.67,19,292.376164
1.84,36,292.579279
1.6,12,292.61149
1.61,13,292.628452
1.69,21,292.659396
1.65,21,292.690646
1.73,25,292.724952
1.61,13,292.756512
1.79,32,292.96873
1.61,13,292.990716
1.65,17,293.019789
1.63,15,293.04073
1.64,18,293.07267
1.62,16,293.100082
1.61,13,293.122364
1.55,11,293.140476
1.84,39,293.369004
1.55,7,293.380408
1.91,43,293.454597
1.84,36,293.511533
1.64,16,293.688675
1.61,13,293.710541
1.68,20,293.751455
1.65,17,293.779677
1.6,12,293.799732
1.63,15,293.826232
1.54,6,293.837669
1.69,21,293.870018
1.62,14,293.882385
1.51,3,294.059608
1.67,19,294.077262
1.87,39,294.163279
1.56,8,294.176322
1.54,6,294.18687
1.75,27,294.231665
1.7,22,294.272373
1.75,27,294.50849
1.61,13,294.53344
1.65,17,294.549047
1.5,12,294.586307
1.5,18,294.619984
1.59,11,294.636553
1.57,9,294.655291
1.63,15,294.681215
1.62,14,294.887787
1.62,14,294.916956
1.63,15,294.944892
1.72,24,294.97302
1.83,35,295.044865
1.62,14,295.059882
1.69,23,295.269869
1.68,20,295.299967
1.62,14,295.324003
1.78,30,295.371212
1.83,36,295.441114
1.59,11,295.456465
1.54,10,295.47236
1.82,34,295.700765
1.64,16,295.727305
1.63,15,295.749058
1.68,20,295.784945
1.58,10,295.80159
1.74,26,295.847374
1.72,25,296.057891
1.72,24,296.098038
1.66,22,296.136554
1.54,6,296.147569
1.77,29,296.185586
1.69,23,296.223023
1.59,11,296.253175
1.67,19,296.438601
1.6,12,296.46066
1.56,8,296.474583
1.67,21,296.508738
1.57,9,296.524083
1.56,8,296.538796
1.64,18,296.571064
1.71,23,296.609498
1.67,19,296.795439
1.68,20,296.82672
1.83,35,296.890567
1.71,25,296.923334
1.69,21,296.954302
1.64,18,296.985563
1.72,26,297.181384
1.9,42,297.271451
1.67,19,297.306413
1.68,20,297.349823
1.61,15,297.376534
1.58,18,297.595028
1.77,29,297.654387
1.92,44,297.739551
1.52,12,297.76075
1.85,37,298.015879
1.66,18,298.047127
2.05,57,298.162134
1.84,37,298.230707
2.04,56,298.514863
1.67,19,298.570868
1.61,17,298.601356
1.62,14,298.625877
1.62,28,298.711782
1.61,13,298.985576
1.57,17,299.00236
1.84,36,299.074951
1.76,28,299.124697
1.57,9,299.149204
1.65,17,299.185731
1.58,10,299.204276
1.62,14,299.404606
1.6,14,299.445452
1.54,6,299.462198
1.86,38,299.563749
1.61,21,299.601285
1.55,7,299.615777
1.68,20,299.660593
1.65,23,300.045191
1.65,17,300.076674
1.87,39,300.14815
1.76,29,300.199418
1.65,21,300.236859
1.66,18,300.445231
1.8,32,300.503555
1.48,6,300.511928
1.98,50,300.60358
1.65,17,300.632797
1.71,23,300.882236
1.57,11,300.901391
1.56,8,300.91599
1.6,12,300.935709
1.7,23,300.987139
1.76,28,301.038651
1.61,13,301.061834
1.67,20,301.096122
1.66,18,301.356233
2.03,55,301.459763
1.59,13,301.478471
1.65,17,301.509606
1.58,10,301.512128
1.55,7,301.537108
1.75,27,301.724264
1.54,6,301.741842
1.58,10,301.759775
1.69,25,301.795439
1.5,2,301.795439
1.51,3,301.795439
1.79,39,301.876484
1.57,9,301.891129
1.74,26,302.138855
1.79,40,302.20569
1.72,24,302.245278
1.62,14,302.260918
1.63,15,302.292044
1.96,49,302.563015
1.5,6,302.57456
1.62,14,302.602275
1.44,34,302.667215
1.76,30,302.738028
1.57,21,302.779725
1.69,21,303.053704
1.78,30,303.113003
1.63,15,303.148781
1.58,14,303.172797
1.66,18,303.21129
1.76,28,303.265028
1.57,9,303.529689
1.61,13,303.556024
1.6,12,303.575736
1.73,25,303.625637
1.56,10,303.644967
1.61,17,303.679516
1.7,22,303.734015
1.56,8,303.748918
1.8,32,304.026512
1.62,14,304.054513
1.8,32,304.115812
1.5,20,304.154705
1.59,19,304.192454
1.33,33,304.38298
1.56,8,304.410856
1.67,19,304.432591
1.54,6,304.448556
1.59,11,304.463841
1.55,9,304.479828
1.71,23,304.524432
1.61,17,304.549356
1.63,17,304.565368
1.46,26,304.769159
1.9,43,304.8414
1.82,35,304.901486
1.75,27,304.933007
1.53,5,304.954255
1.63,15,305.115016
1.7,22,305.16222
1.62,18,305.195388
1.84,37,305.24734
1.62,14,305.279826
1.52,4,305.287935
1.78,30,305.520168
1.63,15,305.546369
1.57,9,305.560916
1.67,19,305.600327
1.52,4,305.608847
1.61,13,305.631712
1.81,33,305.699087
1.77,29,305.961902
1.67,19,306.013712
1.64,16,306.045459
1.56,8,306.062008
1.61,13,306.095998
1.54,6,306.112213
1.74,26,306.178775
1.82,34,306.245332
1.62,14,306.477494
1.72,24,306.524495
1.72,24,306.573233
1.78,30,306.634716
2.02,56,306.971397
1.63,15,306.999549
1.88,40,307.071243
1.58,22,307.102896
1.64,16,307.134142
1.63,15,307.149768
1.88,41,307.375514
1.6,12,307.39709
1.56,8,307.408702
1.57,9,307.424758
1.68,20,307.45588
1.61,13,307.471516
1.63,15,307.504579
1.63,17,307.681927
1.67,19,307.729558
1.65,19,307.761115
1.76,28,307.807961
1.66,18,307.842114
1.78,30,307.889004
1.57,13,308.061958
1.64,19,308.093238
1.59,11,308.108863
1.62,18,308.140444
1.56,8,308.167326
1.6,12,308.186252
1.63,15,308.201861
1.77,29,308.248735
1.67,19,308.449029
1.58,10,308.466572
1.63,15,308.495852
1.71,26,308.538317
2.05,66,308.652978
1.71,29,308.850507
1.57,9,308.866163
1.6,12,308.897401
1.6,12,308.918871
1.61,13,308.941207
1.8,32,308.995998
1.6,12,309.025345
1.73,25,309.211198
1.65,17,309.24207
1.52,4,309.257996
1.57,13,309.273758
1.59,11,309.289249
1.67,19,309.320506
1.54,6,309.339839
1.58,14,309.353622
1.62,18,309.384904
1.57,9,309.400798
1.64,16,309.624432
2.25,78,309.776881
1.86,38,309.842225
1.6,12,310.016079
1.78,30,310.063983
1.68,20,310.095233
1.67,19,310.133734
1.52,26,310.165352
1.62,14,310.206723
1.89,41,310.516174
1.61,13,310.583035
1.64,16,310.645562
1.61,15,310.694342
1.81,33,310.804823
1.65,17,310.866624
1.56,8,311.163378
1.55,7,311.17678
1.53,5,311.186139
1.69,21,311.221796
1.58,14,311.246584
1.67,19,311.278907
1.58,10,311.295457
1.85,38,311.378985
1.7,22,311.619757
1.62,14,311.644317
1.64,16,311.684758
1.74,26,311.739006
1.63,15,311.768596
1.79,32,311.823452
1.74,26,312.065107
1.67,23,312.105735
1.67,19,312.139169
1.65,17,312.167487
1.62,22,312.204897
1.75,27,312.252822
1.73,25,312.512255
1.77,29,312.562302
1.58,10,312.578967
1.98,50,312.668248
1.77,29,312.932519
2.04,56,313.038379
1.7,22,313.08104
1.61,13,313.102875
1.52,20,313.13317
1.54,10,313.312368
1.77,31,313.359503
1.59,11,313.389461
1.49,17,313.408483
1.57,9,313.424008
1.85,39,313.495754
1.92,45,313.721582
1.7,22,313.753135
1.7,22,313.784113
1.58,10,313.814456
1.93,45,313.888411
1.71,23,314.075878
1.77,30,314.145724
1.66,18,314.183712
1.7,22,314.233366
1.6,12,314.258238
1.54,22,314.319338
1.56,8,314.543579
1.61,13,314.573686
1.64,17,314.608631
1.63,19,314.650298
1.67,19,314.689224
1.61,13,314.717053
1.55,9,314.736348
1.85,37,314.962504
1.64,16,314.997118
1.64,16,315.034225
1.58,10,315.05517
1.62,20,315.096945
1.82,34,315.167073
1.54,6,315.179487
1.66,18,315.212688
1.67,19,315.420987
1.51,3,315.42518
1.67,19,315.466583
1.54,6,315.475616
1.56,8,315.491953
1.64,16,315.520966
1.63,15,315.554347
1.61,13,315.581316
1.66,18,315.617007
1.6,12,315.646127
1.68,20,315.921578
1.79,31,315.998085
1.65,17,316.039389
1.62,14,316.06659
1.52,14,316.096437
1.58,10,316.108186
1.66,18,316.142823
1.94,50,316.408875
1.54,6,316.416875
1.81,34,316.489248
1.74,26,316.518494
1.58,10,316.53415
1.61,15,316.725882
1.74,28,316.787429
1.89,42,316.883368
1.57,9,316.902983
1.6,13,316.933413
1.63,15,316.962468
1.54,6,316.981424
1.72,24,317.222985
1.63,17,317.251958
1.53,9,317.266566
1.75,27,317.323814
1.59,11,317.344614
1.46,34,317.394711
1.66,18,317.563372
1.64,16,317.595701
1.56,8,317.611364
1.65,17,317.72189
1.56,8,317.738657
1.51,11,317.754956
1.57,17,317.78746
1.46,20,317.826953
1.6,12,317.842579
1.61,13,317.876765
