#{"t_start": 1716403489.6362674, "env_id": "CenteringWorld-v0"}
r,l,t
-0.15,242,0.895396
0.93,291,2.087247
1.73,57,2.182009
1.55,25,2.213207
1.92,66,2.572817
1.76,53,2.649773
1.63,25,2.693282
1.67,44,2.987107
1.61,29,3.040424
1.55,7,3.055799
1.74,38,3.10302
1.59,15,3.137919
1.85,40,3.463124
1.67,22,3.482781
1.57,13,3.514277
1.63,29,3.562017
1.78,32,3.866362
1.62,15,3.891411
1.74,26,3.919293
1.64,16,3.951022
1.59,14,3.966429
1.48,25,4.012949
1.6,12,4.029032
1.83,38,4.345305
1.7,22,4.377004
1.52,10,4.39221
1.55,7,4.407835
1.78,35,4.470292
1.66,21,4.50153
1.57,13,4.783803
1.67,26,4.815331
1.88,44,4.895415
1.8,38,4.947363
1.58,10,4.962976
1.69,22,5.245354
1.67,19,5.277019
1.67,22,5.324628
1.92,44,5.387408
1.67,19,5.424532
1.54,6,5.433795
1.55,25,5.725739
1.58,22,5.761584
1.69,26,5.795543
1.66,24,5.82703
1.59,11,5.858427
1.52,4,5.863777
1.59,11,5.875448
1.57,31,6.134941
1.53,21,6.166442
1.76,30,6.220534
1.57,9,6.236156
1.64,20,6.267414
1.85,43,6.512959
1.94,50,6.595902
1.67,23,6.623473
1.63,15,6.654998
1.52,8,6.654998
1.72,26,6.871463
1.62,26,6.92688
1.58,10,6.933922
1.66,22,6.965533
1.49,15,6.996452
2.12,64,7.254787
1.71,42,7.317573
1.58,14,7.354618
1.54,16,7.371413
1.69,21,7.403015
1.62,14,7.434216
1.68,20,7.622541
1.6,16,7.638166
1.51,3,7.654039
1.58,12,7.676483
1.56,12,7.691304
1.61,13,7.707047
1.58,10,7.723002
1.66,18,7.753836
1.55,14,7.790926
1.77,33,7.981087
1.54,8,7.996722
1.61,15,8.029765
1.51,21,8.061293
1.49,7,8.077009
1.43,34,8.139146
1.72,26,8.332984
1.94,48,8.401741
1.69,21,8.44641
1.72,26,8.478029
1.53,11,8.509189
1.71,29,8.706126
1.58,14,8.721764
1.73,25,8.775496
1.79,39,8.838274
1.56,42,9.061158
1.53,9,9.085997
1.72,29,9.123598
1.66,24,9.170473
1.64,16,9.202659
1.64,19,9.224584
1.53,15,9.255847
2.02,68,9.528807
1.61,13,9.544748
1.81,33,9.614485
1.65,21,9.656039
1.58,10,9.858213
1.61,13,9.873575
1.64,16,9.905082
1.86,38,9.984527
1.88,56,10.085478
1.71,51,10.367486
1.54,24,10.398756
1.51,7,10.414393
1.84,40,10.500071
1.64,33,10.750698
1.55,8,10.766732
1.65,17,10.800051
1.64,16,10.831016
2.03,55,10.927851
1.65,31,11.163374
1.67,19,11.195063
1.62,36,11.273029
1.53,13,11.28856
1.6,16,11.329258
1.53,17,11.35708
1.61,33,11.599788
1.55,15,11.638289
1.78,30,11.692584
1.66,34,11.75393
1.64,16,11.785462
1.7,22,12.011459
1.83,50,12.09659
1.79,31,12.15506
1.53,5,12.171013
1.68,20,12.204944
1.63,15,12.417404
1.74,28,12.464563
1.63,15,12.511187
1.67,19,12.544612
1.61,35,12.607112
1.77,29,12.845681
1.62,18,12.876951
1.8,32,12.948671
1.58,36,13.0021
1.52,12,13.050896
1.74,27,13.299814
1.65,17,13.331077
1.74,26,13.379985
1.67,19,13.411519
1.57,9,13.427011
1.9,47,13.523732
1.41,35,13.759184
1.63,15,13.80397
2.03,57,13.90691
1.76,28,14.137301
1.8,34,14.200083
1.54,14,14.215462
1.57,21,14.2613
1.58,10,14.277175
1.7,26,14.3238
1.74,27,14.570695
1.59,27,14.602226
1.68,20,14.648854
2.1,62,14.758327
1.65,17,14.978072
1.54,8,14.996398
1.54,6,15.00914
1.75,27,15.05629
1.33,35,15.125775
1.62,14,15.141432
1.66,18,15.173018
1.73,30,15.408389
1.64,16,15.446616
1.61,15,15.462273
1.61,23,15.509392
1.62,14,15.542524
1.83,35,15.589686
1.59,25,15.813681
1.6,12,15.837349
1.48,24,15.888281
1.58,10,15.904184
1.6,14,15.920022
1.52,12,15.950802
1.62,14,15.984114
1.66,18,16.015396
1.51,7,16.213296
1.89,41,16.276075
1.7,22,16.32799
1.55,7,16.32899
1.66,18,16.366489
1.71,27,16.423712
1.55,19,16.636953
1.61,13,16.665526
1.71,23,16.697046
1.6,12,16.728026
1.63,15,16.758226
1.6,12,16.773883
1.57,13,16.805133
1.81,37,17.051073
1.66,22,17.100937
1.53,5,17.104936
1.93,45,17.197781
1.64,16,17.216713
1.57,9,17.232062
1.93,47,17.516315
1.7,22,17.548596
1.7,22,17.580096
1.53,5,17.595471
1.68,22,17.645572
1.61,13,17.661483
1.59,25,17.879195
1.5,4,17.89507
1.97,51,17.983193
1.89,41,18.062536
1.64,16,18.094021
1.64,24,18.314687
1.78,30,18.38215
1.93,48,18.461555
1.64,16,18.496661
1.74,38,18.749076
2.05,57,18.845993
1.58,18,18.877119
1.6,12,18.892757
1.64,16,18.942622
1.57,33,19.171009
1.81,33,19.245778
1.62,14,19.266467
1.78,31,19.313688
1.83,42,19.57582
1.77,29,19.62309
1.4,34,19.691499
1.82,34,19.75403
1.45,15,19.79985
1.57,9,19.984574
1.85,39,20.066589
1.76,31,20.116532
1.52,4,20.132189
1.6,12,20.148061
1.88,46,20.412252
1.87,49,20.498062
1.77,30,20.562569
1.71,29,20.615538
1.51,11,20.817762
2.05,57,20.918025
1.59,11,20.949096
1.67,19,20.980029
1.61,19,21.01131
1.69,23,21.224138
1.72,25,21.270787
1.66,20,21.316547
1.59,11,21.332205
1.63,19,21.363732
1.59,15,21.394705
1.79,31,21.457329
1.83,37,21.701966
1.61,13,21.717591
1.75,29,21.782091
1.75,27,21.82921
1.76,31,22.090501
1.63,17,22.121762
1.55,7,22.121762
1.66,22,22.183152
1.83,35,22.241755
1.65,18,22.287289
1.61,13,22.303945
1.71,24,22.536256
1.62,22,22.567506
1.5,12,22.583376
1.78,35,22.6532
1.54,8,22.669011
1.64,20,22.724872
1.84,36,22.965454
1.57,25,23.012581
1.6,12,23.033919
1.59,11,23.050836
1.5,2,23.050836
1.64,16,23.082119
1.63,15,23.113369
1.67,25,23.166534
1.72,24,23.387333
1.61,14,23.40297
2.18,71,23.535283
1.66,18,23.584159
1.75,27,23.817496
1.75,27,23.864402
1.63,17,23.89602
1.63,15,23.931176
1.62,18,23.949833
1.48,20,23.996697
1.55,11,24.197014
1.9,43,24.282352
1.72,24,24.337514
1.56,10,24.342553
1.54,6,24.35821
1.58,14,24.389737
1.63,19,24.421007
1.63,19,24.624885
1.65,17,24.670715
1.54,6,24.686374
1.77,33,24.733524
1.82,36,24.811511
2.07,59,25.109321
1.65,17,25.129247
1.68,20,25.160216
1.67,19,25.208126
1.5,2,25.212139
1.56,8,25.229002
1.77,31,25.276158
1.53,25,25.498005
1.55,7,25.513299
1.58,22,25.561353
1.65,17,25.59301
1.82,34,25.655012
1.78,30,25.90403
1.55,15,25.91967
1.88,40,25.999251
1.55,13,26.030418
1.59,11,26.046063
1.96,48,26.321012
1.99,51,26.420707
1.64,16,26.447757
1.69,21,26.479038
1.54,6,26.494663
1.83,38,26.746663
1.63,18,26.778192
1.69,21,26.824821
1.55,7,26.841241
1.57,11,26.862374
1.58,10,26.878032
1.53,13,26.893657
1.56,16,26.924908
1.79,33,27.183192
2.0,52,27.281751
1.74,26,27.323097
1.99,53,27.614502
1.95,48,27.696002
1.71,23,27.734172
1.63,23,27.781327
1.52,4,27.797006
1.61,13,27.827998
1.66,24,28.048825
1.59,15,28.066605
1.58,10,28.082106
1.57,13,28.113631
1.6,18,28.147713
1.55,9,28.163895
1.61,13,28.179242
1.99,51,28.450202
1.65,19,28.488332
1.99,51,28.595678
1.54,20,28.627196
1.6,12,28.643008
1.61,13,28.843321
1.62,14,28.874323
1.55,15,28.909167
1.9,46,28.987573
1.64,16,29.025824
1.6,12,29.041479
1.66,18,29.245689
1.65,17,29.27694
1.57,11,29.308201
1.53,9,29.324765
1.6,14,29.345997
1.99,51,29.454123
1.62,14,29.475064
1.8,32,29.710308
1.65,17,29.742011
1.68,20,29.780033
1.63,15,29.811313
1.72,24,29.858189
1.51,3,29.870807
1.74,26,29.907131
1.68,20,30.116754
1.64,20,30.15405
1.64,16,30.185568
1.52,24,30.233199
1.55,19,30.264705
1.88,40,30.525103
1.62,14,30.554062
1.73,26,30.593994
1.8,32,30.65998
1.57,9,30.679072
1.55,7,30.679072
1.68,22,30.726209
1.55,7,30.741996
1.88,40,30.987393
1.64,16,31.019014
1.67,19,31.050172
1.67,32,31.111675
1.67,19,31.142988
1.62,14,31.353233
1.43,15,31.368611
1.59,11,31.384486
1.53,5,31.41458
1.69,27,31.448862
1.49,5,31.464772
1.64,16,31.495736
1.84,36,31.565736
1.57,17,31.761357
1.74,26,31.808568
1.6,14,31.855124
1.85,44,31.933535
1.73,25,31.971815
1.68,20,32.204275
2.14,66,32.328249
1.98,50,32.583338
1.75,27,32.637528
1.87,39,32.719559
1.76,28,32.768983
1.64,16,32.791664
1.63,15,33.005358
2.26,81,33.171047
1.64,36,33.233437
1.6,12,33.435267
1.55,15,33.471058
1.94,48,33.562262
1.55,19,33.597748
1.59,11,33.613679
1.69,21,33.660537
1.65,17,33.860322
1.55,11,33.891603
1.36,26,33.941507
1.89,45,34.026721
1.58,10,34.04257
1.71,25,34.08976
1.68,20,34.308675
1.58,14,34.324244
1.92,45,34.413475
1.78,33,34.482544
2.12,77,34.804376
1.8,32,34.866594
1.67,19,34.905045
1.94,51,35.186471
1.73,26,35.237667
1.89,41,35.31773
1.62,14,35.338448
1.68,20,35.554359
1.82,35,35.616985
1.55,7,35.645759
1.56,12,35.654152
1.58,10,35.685433
1.66,18,35.716683
1.65,17,35.749785
1.65,17,35.779072
1.66,18,36.000136
1.59,11,36.015757
1.67,19,36.04676
1.63,15,36.080037
1.69,21,36.127192
1.59,11,36.142571
1.56,14,36.158448
1.68,20,36.212668
1.79,31,36.440988
1.66,18,36.472026
1.63,15,36.52084
1.7,23,36.557161
1.72,24,36.588677
1.51,3,36.616675
1.66,18,36.637674
1.62,14,36.849896
1.58,10,36.865509
1.86,40,36.950992
1.74,34,37.014015
1.66,18,37.050866
1.83,35,37.292007
1.57,21,37.338692
1.81,35,37.404304
1.76,28,37.450927
1.52,4,37.466552
1.6,16,37.500885
1.65,17,37.706145
1.61,17,37.741532
1.77,37,37.812454
1.59,11,37.821726
1.6,12,37.853256
1.71,23,37.884513
1.7,22,38.10412
1.58,10,38.135385
1.56,12,38.164626
1.86,38,38.230406
1.57,13,38.246028
1.7,22,38.299924
2.15,72,38.600908
1.56,9,38.622805
1.57,13,38.640572
1.85,37,38.705106
1.68,20,38.752012
1.67,19,38.965991
1.85,38,39.030041
1.57,9,39.045698
1.77,29,39.093078
1.54,6,39.108448
1.69,21,39.161817
1.67,21,39.379156
1.58,18,39.394781
1.65,21,39.441995
1.64,16,39.480071
1.6,18,39.511339
1.6,16,39.543003
1.87,40,39.796752
1.76,30,39.843657
1.8,32,39.912437
1.62,18,39.943719
1.92,46,40.225419
1.62,14,40.254294
1.61,13,40.270006
1.67,23,40.318583
1.55,7,40.333301
1.51,7,40.348956
1.62,14,40.36458
2.29,83,40.710362
1.58,10,40.726213
1.55,7,40.726213
1.65,19,40.779315
1.52,4,40.779315
1.69,21,40.810569
1.51,9,40.842004
1.51,7,40.842004
1.62,14,41.054481
2.0,55,41.163691
1.94,49,41.249116
1.72,24,41.469003
1.55,7,41.48456
2.08,62,41.596767
1.65,21,41.649948
1.64,16,41.681229
1.74,27,41.906465
1.65,17,41.937461
1.89,41,42.01458
1.69,21,42.046098
1.62,16,42.092566
1.54,10,42.108495
1.71,23,42.316669
1.58,10,42.343656
1.67,21,42.374937
1.95,47,42.468587
1.82,34,42.533376
1.62,14,42.746751
1.66,18,42.778283
1.93,46,42.862536
1.59,11,42.878181
1.59,11,42.909431
1.71,25,42.957905
1.7,26,43.203111
1.81,41,43.268008
1.64,16,43.300953
2.23,76,43.635452
1.56,18,43.654356
1.86,38,43.734323
1.61,13,43.750228
1.63,15,43.781231
1.69,23,43.994001
1.67,19,44.04101
1.66,18,44.079122
1.65,17,44.110372
1.61,13,44.126271
1.0,1,44.126271
1.6,12,44.159302
1.61,13,44.175232
1.67,23,44.222104
1.66,22,44.427253
1.45,21,44.486415
1.65,21,44.520015
1.63,15,44.535574
1.6,28,44.606089
1.59,13,44.621746
1.51,9,44.637371
1.76,31,44.864626
1.78,30,44.913479
1.74,27,44.979217
1.52,8,44.983311
1.73,25,45.045071
1.76,28,45.274899
1.61,13,45.290524
1.8,42,45.375954
1.92,44,45.454358
1.62,18,45.492307
1.72,25,45.725949
1.69,21,45.757485
1.63,15,45.78874
1.81,33,45.853085
1.7,22,45.884335
1.67,21,46.10532
1.7,26,46.159281
1.59,11,46.175181
1.5,2,46.190561
1.76,28,46.245848
1.65,30,46.28669
1.81,33,46.53025
1.62,16,46.579318
1.71,27,46.614992
1.54,10,46.630495
1.54,26,46.692616
1.73,25,46.740011
1.62,14,46.933282
1.56,12,46.964532
1.87,39,47.043833
1.62,14,47.075083
1.61,13,47.090706
1.66,18,47.125978
1.57,9,47.141635
1.51,7,47.157248
1.55,7,47.172885
1.68,22,47.413405
1.58,14,47.447686
1.7,22,47.498927
1.58,13,47.51455
1.84,36,47.609561
1.74,26,47.649012
1.53,5,47.869832
1.54,8,47.900961
1.65,17,47.932243
1.63,15,47.963492
1.57,9,47.979365
1.45,15,48.009294
1.65,17,48.041007
1.66,18,48.072074
1.81,33,48.307354
1.71,27,48.370003
1.58,13,48.385622
1.57,9,48.416591
1.58,14,48.450163
1.6,12,48.470116
1.6,14,48.485828
1.55,7,48.501364
1.49,7,48.516992
1.61,17,48.54824
1.6,13,48.735735
1.88,42,48.816015
1.6,15,48.846807
1.52,16,48.882159
1.5,12,48.899973
1.61,13,48.931524
1.68,20,49.132311
2.06,60,49.245155
1.6,12,49.261003
1.71,23,49.307405
1.78,30,49.370002
1.61,17,49.566622
1.8,32,49.629122
1.69,22,49.66761
1.59,11,49.698892
1.76,28,49.74838
1.61,17,49.783566
1.76,28,50.007273
1.63,19,50.039002
1.7,22,50.08764
1.75,27,50.124212
1.61,15,50.155215
1.69,23,50.368062
1.73,25,50.417062
1.68,20,50.44811
1.66,27,50.517633
1.41,39,50.580418
1.63,19,50.793002
1.69,21,50.830094
1.77,32,50.892978
1.69,21,50.94178
1.8,32,50.993997
1.68,20,51.209686
1.72,25,51.263467
1.68,20,51.294992
1.74,26,51.362515
1.59,11,51.378422
1.89,42,51.44101
1.76,29,124.971164
1.64,18,125.025493
1.7,28,125.061826
1.51,13,125.093076
1.66,18,125.140074
1.63,21,125.173354
1.58,18,125.395428
1.57,9,125.411052
1.53,5,125.411052
1.92,44,125.511162
1.62,14,125.534042
1.68,20,125.613043
1.59,21,125.843293
1.56,8,125.858965
1.75,31,125.912862
1.71,23,125.960066
1.6,12,125.993025
1.51,3,125.993025
1.68,20,126.024558
1.72,24,126.078452
1.6,12,126.276436
1.83,35,126.346447
1.57,11,126.377444
1.62,14,126.393315
1.68,20,126.442051
1.62,14,126.457676
1.72,24,126.504991
1.6,12,126.72539
1.65,17,126.758788
1.73,25,126.805695
1.63,15,126.836945
1.66,18,126.867081
1.66,18,126.898362
1.89,41,127.157743
1.56,8,127.178088
1.74,26,127.220147
1.59,11,127.235782
1.56,8,127.251662
1.6,12,127.283651
1.84,37,127.352974
1.63,19,127.556021
1.59,11,127.571547
1.5,2,127.58717
1.61,13,127.617921
1.7,22,127.649202
1.77,29,127.702573
1.67,19,127.750358
1.63,15,127.765971
2.19,73,128.081713
1.68,21,128.128942
1.73,25,128.175634
1.67,19,128.202494
2.07,60,128.495325
1.62,18,128.526575
1.68,20,128.558072
1.57,9,128.593016
1.61,13,128.608942
1.95,47,128.872517
1.74,26,128.926384
1.66,18,128.957963
1.68,20,129.012944
1.62,14,129.037929
1.55,7,129.037929
1.66,20,129.274389
1.69,21,129.305955
1.7,22,129.354991
1.7,22,129.40141
1.73,25,129.455542
1.71,23,129.668113
1.66,18,129.699394
1.66,18,129.730959
1.65,17,129.779916
1.69,21,129.81918
1.7,22,129.867055
1.54,6,129.867055
1.68,22,129.914208
1.63,15,130.111747
1.67,23,130.15894
1.62,14,130.192215
1.65,21,130.227539
1.82,39,130.304559
1.52,12,130.329577
1.59,19,130.53688
1.77,30,130.599639
1.77,29,130.661105
1.73,25,130.707981
1.58,10,130.73883
1.68,20,130.77011
1.58,10,130.979557
1.38,22,131.026692
1.7,24,131.079594
1.67,19,131.112128
1.96,50,131.207128
1.57,9,131.4119
1.6,12,131.427959
1.84,36,131.503675
1.79,31,131.552055
1.71,23,131.606614
1.69,21,131.645423
2.02,55,131.932148
1.64,16,131.963908
1.63,15,131.99544
1.59,11,132.011064
1.59,15,132.058733
1.79,33,132.283976
1.66,18,132.330974
1.86,39,132.400637
1.54,6,132.416247
1.81,33,132.479764
1.74,26,132.693057
1.63,15,132.724622
1.75,27,132.771462
1.68,20,132.825411
1.68,22,132.85665
1.58,14,132.900517
2.28,82,133.233732
1.6,16,133.25038
1.53,5,133.266003
1.43,19,133.29725
1.77,29,133.542058
1.62,18,133.5587
1.91,43,133.655525
1.62,16,133.671435
1.6,12,133.702432
1.68,20,133.733681
1.68,28,133.97124
1.63,15,134.004597
1.76,30,134.047556
1.54,6,134.063175
1.73,25,134.108811
2.21,74,134.425146
1.56,8,134.443051
1.75,27,134.490207
1.6,12,134.505969
2.17,70,134.822273
1.7,22,134.854615
2.14,68,134.994549
1.85,41,135.239265
1.61,13,135.274551
1.59,11,135.293052
1.57,13,135.324626
1.95,47,135.404609
1.62,18,135.436107
1.82,35,135.679954
1.51,15,135.718107
1.5,4,135.718107
1.77,33,135.780937
1.55,7,135.796512
1.62,14,135.834733
1.54,6,135.834733
1.74,26,136.059014
1.54,6,136.074646
1.59,11,136.090264
1.84,36,136.159694
1.7,22,136.206965
1.66,22,136.255575
1.62,14,136.27123
1.85,37,136.523958
1.6,12,136.540031
1.76,30,136.603969
1.48,6,136.619409
1.64,16,136.63503
1.65,17,136.687943
1.57,9,136.688943
1.71,23,136.920207
1.62,14,136.951704
1.68,20,137.00045
1.66,18,137.017106
1.95,47,137.118108
1.59,11,137.133752
1.73,25,137.363995
1.8,32,137.42643
1.73,25,137.473621
1.58,10,137.488949
1.51,3,137.488949
1.61,13,137.522287
1.8,32,137.762292
1.58,12,137.793295
1.63,15,137.82496
1.3,58,137.933961
1.62,14,137.972237
1.6,12,137.987894
1.59,15,138.184772
1.6,16,138.216306
1.54,28,138.276486
1.67,19,138.30802
1.61,13,138.339024
1.55,7,138.339024
1.57,13,138.370274
1.59,11,138.401443
1.58,10,138.417099
1.67,19,138.628948
1.54,14,138.660105
1.74,26,138.721233
1.55,7,138.722234
1.57,9,138.73789
1.86,39,138.807164
1.63,15,138.85445
1.58,14,139.047354
1.67,19,139.09426
1.62,20,139.12601
1.7,22,139.163923
1.86,38,139.243259
1.49,13,139.259779
1.84,36,139.519142
1.62,14,139.535109
1.72,26,139.589936
1.84,36,139.652467
2.1,64,139.959966
1.59,23,140.013929
1.52,16,140.029573
1.71,24,140.076709
1.7,22,140.318082
1.54,8,140.333726
1.57,9,140.349363
1.51,21,140.388086
1.92,48,140.482017
1.71,23,140.53061
1.68,22,140.742523
1.73,27,140.791407
1.59,11,140.807028
1.73,25,140.873497
1.76,28,140.912996
1.65,17,140.944464
1.56,8,140.973445
1.57,9,141.156003
1.68,20,141.204581
1.64,16,141.236161
1.67,19,141.267328
1.62,14,141.301614
1.84,36,141.352941
1.7,22,141.572732
1.66,18,141.603963
1.66,18,141.64969
1.85,37,141.712215
1.64,18,141.759057
1.55,7,141.774401
1.69,21,141.805957
1.59,11,141.999519
1.57,13,142.015156
1.74,26,142.063925
1.57,15,142.095455
1.7,22,142.142328
1.5,22,142.179623
1.53,17,142.21115
1.85,37,142.44444
1.61,17,142.476991
1.69,21,142.517143
1.65,19,142.548444
1.62,14,142.56428
1.58,10,142.597332
1.93,45,142.85397
1.51,7,142.869451
1.81,33,142.938944
1.88,43,143.018118
1.61,17,143.049459
1.59,11,143.257839
1.58,10,143.273716
1.66,18,143.304715
1.62,14,143.320618
1.62,14,143.351464
1.58,10,143.383016
1.55,15,143.398706
1.55,7,143.414243
1.69,21,143.4671
1.63,17,143.675475
1.6,16,143.707091
1.68,20,143.738259
1.59,11,143.754475
1.57,13,143.788947
1.62,18,143.820505
1.61,13,143.851978
1.72,24,143.90467
1.71,23,144.113939
1.63,15,144.145476
1.54,10,144.161173
1.57,17,144.192352
1.72,24,144.246618
1.59,11,144.262209
1.54,6,144.277958
1.7,22,144.326459
1.71,23,144.547265
1.55,27,144.594161
1.64,16,144.633818
1.65,17,144.66711
1.79,31,144.714243
1.63,15,144.75231
2.04,58,145.044499
1.99,52,145.139333
1.65,17,145.178059
1.54,7,145.178059
1.79,32,145.426481
1.92,44,145.516057
1.91,47,145.585145
1.6,20,145.802946
1.63,21,145.851217
1.69,21,145.882954
1.63,15,145.913995
1.95,48,145.998721
1.59,11,146.188983
1.5,6,146.212994
1.51,9,146.228633
1.72,30,146.291163
1.68,20,146.324444
1.6,12,146.340069
1.6,12,146.355694
1.76,37,146.625484
1.82,36,146.688231
1.7,22,146.72552
1.58,16,146.7526
1.83,44,146.84632
1.65,17,147.05564
1.64,18,147.087172
2.22,74,147.234998
1.66,20,147.275508
1.53,7,147.291148
1.66,18,147.500481
1.66,19,147.531719
1.58,12,147.56297
1.76,28,147.617202
1.65,17,147.648452
1.66,22,147.69636
1.78,30,147.937264
1.64,16,147.968515
1.95,47,148.053957
1.52,6,148.069498
1.69,31,148.11816
1.71,24,148.353647
1.66,24,148.400522
1.76,28,148.454959
1.6,26,148.501384
1.94,46,148.774537
1.59,11,148.79044
1.53,5,148.805787
1.6,12,148.837037
1.53,5,148.837037
1.57,9,148.868115
1.92,44,148.946526
1.62,14,148.980782
1.72,25,149.192192
1.67,19,149.224043
1.79,31,149.296582
1.67,19,149.317265
1.63,15,149.348962
1.89,41,149.623505
1.99,51,149.704954
1.86,38,149.78621
1.81,33,149.850491
1.69,21,150.072193
1.8,32,150.134971
1.68,22,150.184788
1.83,35,150.247549
1.63,23,150.466552
1.69,21,150.512951
1.89,41,150.591979
1.91,43,150.661165
1.68,20,150.709889
1.96,48,150.971318
1.71,23,151.01432
1.59,11,151.029962
1.83,35,151.099415
1.63,15,151.315325
1.53,5,151.315325
1.68,22,151.363906
1.54,6,151.38184
1.62,14,151.400496
1.61,15,151.431993
2.38,95,151.764091
1.52,4,151.793365
1.67,19,151.813021
1.52,4,151.828932
1.56,20,151.859896
1.77,31,151.944351
1.62,14,151.959977
1.76,30,152.189078
1.68,20,152.240201
1.67,23,152.27493
1.63,15,152.305977
1.66,18,152.339001
1.65,19,152.370271
1.55,7,152.386178
1.61,29,152.617245
1.66,18,152.657692
1.77,29,152.710165
1.58,14,152.725939
1.81,33,152.788247
1.58,10,153.000501
1.77,29,153.04763
2.36,88,153.224599
1.64,16,153.432834
1.61,13,153.448447
1.58,14,153.479961
1.67,19,153.524505
1.62,14,153.542412
1.83,35,153.604661
1.64,16,153.638032
1.78,31,153.874886
1.63,15,153.906385
1.82,38,153.988006
1.52,4,153.988006
1.58,16,154.019506
1.85,37,154.272384
1.62,14,154.30574
1.67,20,154.33702
1.63,15,154.368517
1.76,28,154.433579
1.62,15,154.449204
1.57,9,154.464841
1.78,30,154.712028
1.63,19,154.753577
1.67,19,154.775455
2.12,65,154.907837
1.78,30,155.143486
1.96,48,155.236818
1.54,6,155.240058
1.9,42,155.324522
1.75,27,155.550937
1.69,21,155.581997
1.7,22,155.632599
1.8,32,155.683074
1.53,5,155.698442
1.58,14,155.729973
1.83,35,155.975515
1.67,19,156.007011
1.61,17,156.050704
1.66,18,156.071659
1.6,13,156.102946
1.68,20,156.134144
1.88,40,156.39219
1.6,12,156.408067
1.77,29,156.455008
1.63,15,156.49318
1.76,28,156.556005
1.75,29,156.604659
1.66,18,156.825568
1.9,44,156.905712
1.55,11,156.937239
1.65,19,156.968241
1.76,28,157.022369
1.7,22,157.241267
1.64,16,157.272517
1.53,5,157.272517
1.64,16,157.304013
1.95,47,157.39124
1.4,52,157.691121
1.77,29,157.737996
1.56,8,157.758701
1.57,9,157.776531
1.55,7,157.792186
1.73,25,157.839061
1.59,13,157.869426
1.68,20,157.895411
1.66,18,158.120349
1.67,19,158.151599
1.62,14,158.167472
1.51,3,158.184786
1.61,19,158.217171
1.73,25,158.264296
1.56,8,158.279944
1.6,12,158.308919
1.6,12,158.517305
1.71,23,158.553623
1.53,5,158.569248
1.62,14,158.585118
1.53,5,158.600498
1.7,22,158.63901
1.66,18,158.670546
1.88,40,158.750557
1.68,20,158.970534
1.56,8,158.986156
2.13,65,159.118237
1.86,38,159.372383
1.59,11,159.388286
1.64,16,159.41929
1.92,44,159.498953
2.16,68,159.816259
1.99,51,159.925925
1.76,28,159.972384
1.8,32,160.04995
1.72,24,160.282008
1.53,13,160.297641
1.5,10,160.328948
1.67,19,160.367724
1.55,23,160.399218
1.76,28,160.462106
1.63,15,160.672357
1.68,20,160.719518
1.52,12,160.735134
1.66,24,160.789035
1.57,9,160.804691
1.7,22,160.836188
1.56,12,160.86853
1.55,7,160.884854
1.75,28,161.100608
1.6,12,161.131878
1.93,47,161.22596
1.77,29,161.272378
1.6,12,161.304438
1.79,31,161.541471
2.13,65,161.659075
1.54,6,161.674686
1.55,7,161.690322
1.59,11,161.705934
1.64,26,161.753731
1.62,14,161.963033
1.71,23,162.010158
1.49,15,162.025959
1.7,22,162.079699
1.55,7,162.09561
1.81,35,162.164024
1.74,26,162.387168
1.96,53,162.480582
1.85,39,162.558725
1.49,5,162.558725
1.83,39,162.8172
1.73,25,162.864317
1.67,21,162.916238
1.64,18,162.948519
1.76,29,162.99566
1.58,10,163.026569
1.67,19,163.243109
1.55,7,163.243109
2.07,59,163.355752
1.7,22,163.40293
1.63,15,163.43418
1.74,26,163.659132
1.92,46,163.737406
1.51,17,163.768609
1.52,8,163.800685
1.62,18,163.832211
1.6,12,163.847951
1.58,10,163.863467
2.15,76,164.189168
1.6,12,164.205065
1.6,12,164.236602
1.84,36,164.483814
1.57,9,164.484814
1.76,28,164.547346
1.5,2,164.547346
1.55,15,164.562971
1.87,39,164.648948
1.73,25,164.697382
2.01,54,164.976929
1.55,15,165.017544
1.68,20,165.04539
1.67,19,165.07664
1.63,22,165.131123
1.58,10,165.322702
1.78,30,165.37655
1.99,54,165.488207
1.49,5,165.488207
1.64,16,165.519188
1.74,26,165.735263
1.66,22,165.792402
1.71,23,165.825638
1.78,30,165.888405
1.62,14,165.905873
1.63,15,165.937155
1.57,9,165.953025
1.55,9,166.146677
1.71,24,166.193546
1.64,16,166.226583
1.52,4,166.226583
1.65,17,166.258107
1.55,15,166.289362
1.62,14,166.304983
1.69,21,166.36291
1.58,14,166.555743
1.86,38,166.618526
1.63,15,166.650744
1.65,17,166.68227
1.57,15,166.713529
1.67,19,166.75661
1.71,23,166.787891
1.71,23,167.016193
1.66,20,167.063337
1.64,16,167.101598
1.72,24,167.132882
1.59,11,167.164405
1.57,21,167.213094
1.67,19,167.425596
1.58,10,167.441252
1.56,8,167.457125
1.67,23,167.48838
1.9,42,167.581851
1.82,34,167.64963
1.56,8,167.850695
1.58,14,167.871377
1.72,24,167.918517
1.59,11,167.945637
1.73,25,167.995751
1.58,20,168.026939
1.69,21,168.080693
1.68,20,168.299583
1.58,14,168.316488
1.57,9,168.331929
1.41,15,168.363364
1.64,16,168.40899
1.0,1,168.40899
1.59,11,168.424647
1.7,22,168.456143
1.99,51,168.755785
1.79,32,168.802942
1.95,47,168.898928
1.48,16,168.929993
1.68,20,169.135225
1.61,13,169.175701
1.58,10,169.1891
1.51,3,169.1891
1.55,19,169.236254
1.68,20,169.279851
1.68,20,169.300918
1.68,20,169.347681
1.57,9,169.363315
1.71,23,169.57595
1.55,15,169.608949
1.53,5,169.624604
1.43,29,169.671923
1.55,7,169.687357
1.71,27,169.749509
1.74,26,169.796662
1.67,19,170.017349
1.55,7,170.017349
2.0,53,170.12671
1.79,31,170.191211
1.56,8,170.191211
1.69,21,170.41203
1.56,8,170.427918
1.62,14,170.443532
1.95,47,170.539386
2.02,54,170.82243
1.65,17,170.853953
1.51,3,170.853953
1.57,9,170.869335
1.85,37,170.939083
1.8,32,171.001949
1.65,17,171.034916
1.82,34,171.294405
1.52,14,171.310028
2.08,65,171.434973
1.63,15,171.482939
1.8,35,171.733067
1.8,33,171.796566
1.62,14,171.812222
2.31,83,172.16547
1.63,15,172.201676
1.77,29,172.241243
1.82,35,172.323656
1.59,11,172.34231
1.66,18,172.550608
1.57,17,172.582102
1.61,13,172.59792
1.73,25,172.651619
1.92,44,172.742391
1.62,18,172.773923
1.65,32,173.003967
1.58,10,173.019606
1.81,33,173.08326
1.67,19,173.114259
1.54,6,173.129884
1.78,31,173.196676
1.8,36,173.433062
1.71,23,173.479927
1.62,14,173.517309
1.68,20,173.548982
1.78,30,173.595917
1.74,26,173.830618
1.67,23,173.863246
1.84,36,173.942302
1.91,43,174.020936
1.72,24,174.255437
1.62,14,174.288222
1.61,15,174.314178
1.64,16,174.331082
1.67,19,174.384914
1.64,16,174.400569
1.65,17,174.432068
1.72,24,174.654854
1.69,21,174.701605
1.0,1,174.701605
1.64,16,174.732886
1.7,22,174.779761
1.58,10,174.799495
1.71,23,174.842437
1.65,17,174.873701
1.61,17,175.077755
2.01,53,175.188244
1.66,18,175.225337
1.67,19,175.253793
1.61,13,175.28529
1.76,28,175.497977
1.66,18,175.529225
1.55,11,175.563121
1.53,9,175.578776
1.64,18,175.610271
1.69,21,175.641276
1.71,23,175.688081
1.95,48,175.959448
1.56,16,175.996603
1.58,10,176.012247
1.61,13,176.028131
1.58,10,176.043941
1.59,11,176.075007
1.84,42,176.342582
1.8,34,176.406152
1.74,26,176.445458
1.64,16,176.476707
1.5,2,176.476707
1.57,9,176.492602
1.65,17,176.530789
1.6,12,176.562058
1.56,8,176.750694
1.57,9,176.766603
1.64,16,213.789327
1.7,22,213.820981
1.57,9,213.836232
1.52,4,213.851857
1.79,31,213.91697
1.67,21,213.947783
1.51,21,214.177113
1.53,5,214.177113
1.67,19,214.226023
1.94,46,214.321779
1.88,42,214.389336
1.91,48,214.670926
1.81,33,214.752919
1.89,42,214.835175
1.6,16,215.059313
1.51,4,215.06435
1.83,35,215.117518
1.76,28,215.180051
1.69,27,215.226915
1.66,24,215.276814
1.64,16,215.504342
1.62,14,215.51999
1.59,15,215.551213
1.55,7,215.566916
1.6,12,215.597679
1.64,16,215.629226
1.67,19,215.650902
1.66,18,215.682415
1.74,26,215.935212
1.56,8,215.935212
1.77,30,215.997991
1.55,7,216.013628
1.66,20,216.050822
1.69,21,216.082441
1.63,19,216.113611
1.63,15,216.327087
1.65,17,216.378053
1.72,24,216.412322
1.53,25,216.47591
1.79,31,216.52406
1.5,2,216.52406
1.82,34,216.771982
1.7,22,216.810172
1.87,39,216.889822
1.65,17,216.921631
1.53,5,216.921631
1.5,4,216.937531
1.64,16,216.968928
1.65,29,217.200797
1.73,25,217.254951
1.83,35,217.326899
1.61,13,217.350808
1.59,11,217.366948
1.58,12,217.382309
1.96,48,217.668491
1.38,18,217.699759
1.74,26,217.746634
1.7,22,217.800437
1.74,26,217.84758
1.63,15,218.060451
1.56,20,218.101121
2.33,85,218.257016
1.73,25,218.50109
1.84,36,218.569639
1.83,40,218.651808
1.76,28,218.69896
1.78,30,218.919585
1.67,19,218.950964
1.52,22,219.004136
1.75,27,219.05127
1.67,19,219.096752
1.69,21,219.128033
1.59,13,219.318403
1.57,9,219.334311
1.72,24,219.3863
1.9,43,219.466446
1.72,24,219.513579
1.73,25,219.760397
1.75,27,219.795676
1.6,14,219.827196
1.59,11,219.842541
1.64,16,219.887246
1.95,47,219.970496
1.76,28,220.205134
1.58,18,220.225836
2.13,65,220.358366
1.91,45,220.605476
1.61,13,220.646776
1.5,10,220.655061
1.72,26,220.70222
1.66,18,220.733466
1.62,16,220.780237
1.94,46,221.029177
1.87,45,221.125067
1.75,27,221.171692
1.89,44,221.430019
1.71,23,221.484206
1.64,20,221.530053
1.55,7,221.545978
1.66,20,221.577212
2.13,68,221.880035
1.69,21,221.927161
1.66,18,221.96197
1.61,13,221.981054
2.02,56,222.085199
1.67,19,222.305061
1.86,38,222.36801
1.77,29,222.417923
1.66,18,222.448768
1.63,15,222.480287
1.76,28,222.739536
1.61,13,222.759191
1.57,9,222.774816
1.62,14,222.790916
1.59,13,222.821939
1.79,33,222.891461
1.61,15,222.907086
1.57,9,222.922711
1.64,17,223.126212
1.62,14,223.173868
1.55,7,223.176868
1.72,24,223.224022
1.63,16,223.255565
1.74,28,223.312504
1.94,46,223.57195
1.57,9,223.589395
1.67,23,223.624873
1.55,7,223.640926
1.89,41,223.718507
1.63,15,223.750032
1.56,9,223.765656
1.81,33,224.00215
1.65,21,224.035206
1.65,17,224.066906
1.61,17,224.097983
1.7,22,224.143513
1.56,14,224.175063
1.66,18,224.384422
1.51,3,224.384422
1.67,19,224.431045
1.65,17,224.446925
1.5,2,224.465223
1.71,23,224.500857
1.64,16,224.532119
1.82,34,224.596697
1.97,50,224.872012
1.63,15,224.917557
1.84,36,224.98034
1.61,13,224.995958
1.59,11,225.026865
1.67,19,225.243525
1.74,31,225.306305
1.7,22,225.357106
1.84,38,225.422906
1.74,26,225.471027
2.1,62,225.780047
1.6,12,225.795966
1.57,11,225.811297
1.63,17,225.842913
1.56,12,225.880081
1.89,41,226.12064
1.75,27,226.167515
1.78,30,226.221987
2.06,58,226.522461
1.63,17,226.558312
1.74,26,226.605186
1.67,19,226.655044
1.63,15,226.671686
1.66,18,226.702949
1.55,7,226.718574
1.64,16,226.924036
1.62,14,226.955286
1.98,50,227.056074
1.86,38,227.120925
1.8,32,227.357399
1.69,21,227.404429
1.65,17,227.426874
1.73,25,227.474029
1.69,21,227.522765
1.68,22,227.569672
1.48,12,227.585603
1.75,27,227.810904
1.63,15,227.853007
1.96,48,227.934411
1.7,22,227.972731
1.61,17,228.004263
1.64,16,228.209484
1.62,20,228.24092
1.73,25,228.301163
1.57,11,228.316932
1.98,50,228.40951
1.53,5,228.425135
1.63,15,228.640916
1.74,26,228.687916
1.77,29,228.749141
1.9,42,228.826897
1.68,20,229.04772
1.65,17,229.079246
1.74,90,229.251887
1.53,5,229.251887
1.68,20,229.482239
1.73,25,229.51691
1.68,20,229.564819
1.67,19,229.596714
1.62,14,229.628229
1.53,9,229.64358
1.58,10,229.659202
1.82,38,229.921997
1.98,50,230.006036
2.11,63,230.122723
1.59,15,230.335225
2.14,66,230.463299
1.62,14,230.484271
1.22,58,230.771962
1.53,13,230.803189
1.66,20,230.83444
1.56,8,230.854896
1.7,22,230.887408
1.68,20,230.934602
1.64,22,231.140398
1.62,14,231.171648
1.57,9,231.188656
1.65,17,231.21022
1.64,20,231.257375
1.55,7,231.272999
1.59,15,231.306061
1.95,47,231.558256
1.54,6,231.558256
1.61,13,231.589925
1.54,6,231.617733
1.65,17,231.638422
1.64,16,231.66966
1.38,30,231.736401
1.87,39,231.975042
1.56,8,231.990658
1.62,14,232.021905
1.6,12,232.053966
1.81,33,232.099922
1.55,23,232.16238
1.98,50,232.415549
1.87,40,232.497742
1.86,38,232.560273
1.71,23,232.613452
1.49,9,232.629091
1.53,5,232.644988
1.64,16,232.854033
1.85,37,232.926656
1.62,14,232.955061
1.65,17,232.970942
1.75,27,233.034269
1.59,23,233.26243
1.61,15,233.29368
1.81,33,233.355424
2.05,57,233.468579
1.62,14,233.484485
1.57,19,233.711887
1.6,12,233.727065
1.62,14,233.758576
1.71,23,233.805317
1.66,19,233.836595
1.95,51,234.110291
1.66,18,234.141889
1.54,10,234.173068
1.58,18,234.213625
1.73,25,234.249929
1.66,18,234.281437
1.65,17,234.326022
1.52,4,234.331064
1.5,2,234.331064
1.93,45,234.58316
1.68,20,234.630036
2.0,56,234.73752
1.63,15,234.767731
1.72,25,234.989496
1.54,10,235.010283
1.64,16,235.026184
2.02,58,235.137588
1.69,25,235.366893
1.5,12,235.382396
1.78,30,235.446923
1.56,8,235.446923
1.66,18,235.478126
1.96,48,235.578372
1.52,6,235.594017
1.6,12,235.796782
1.59,11,235.813461
1.57,9,235.829086
1.52,14,235.8447
1.87,39,235.92285
1.72,24,235.985118
1.67,19,236.016394
1.65,17,236.233165
1.64,16,236.264415
1.65,17,236.313533
1.61,13,236.329173
1.67,19,236.360935
1.47,15,236.391918
1.56,20,236.438622
1.72,26,236.679281
1.59,13,236.694912
1.88,44,236.790522
1.72,24,236.821771
1.77,29,236.891913
1.7,22,237.104048
1.54,6,237.104048
1.81,34,237.184267
1.82,34,237.247036
1.54,6,237.247036
1.69,21,237.300278
1.56,8,237.315912
1.77,29,237.548018
1.75,27,237.601942
1.8,32,237.648847
1.71,23,237.697766
1.7,26,237.926914
1.52,4,237.942569
1.7,22,237.974093
1.66,18,238.021645
1.63,15,238.043474
1.53,15,238.074744
1.67,19,238.106275
1.78,30,238.352922
1.64,16,238.372803
1.58,16,238.404333
1.66,20,238.455237
1.9,42,238.527122
1.58,10,238.542963
1.7,22,238.773731
1.68,20,238.805401
1.53,25,238.85227
1.68,20,238.902149
1.6,12,238.920803
1.61,13,238.936927
1.93,45,239.201198
1.87,39,239.286583
1.57,9,239.302202
1.59,11,239.33216
1.66,18,239.351062
1.53,17,239.382313
1.54,10,239.397937
1.55,13,239.435104
1.73,25,239.668685
1.57,9,239.675958
1.64,24,239.723112
1.6,12,239.754371
1.72,24,239.800056
1.9,42,240.037455
1.8,32,240.101926
1.9,42,240.180083
1.88,40,240.265915
1.61,13,240.464882
1.73,26,240.518638
1.99,52,240.601195
1.65,17,240.639536
1.72,28,240.702322
1.68,20,240.905247
1.61,13,240.951005
1.58,22,240.983599
1.56,8,240.99891
1.46,18,241.030433
1.77,29,241.092694
1.56,14,241.10861
2.02,60,241.397782
1.78,30,241.444935
1.61,13,241.475938
1.65,17,241.51446
1.69,21,241.733349
1.78,30,241.780477
1.96,48,241.878244
1.61,13,241.893911
1.59,11,241.9095
1.71,23,242.142462
1.9,42,242.206198
1.61,13,242.237883
1.76,29,242.299895
1.63,15,242.331156
1.66,20,242.372216
1.45,25,242.593609
1.7,22,242.640517
1.46,10,242.656413
1.68,20,242.700996
1.62,14,242.716654
1.62,14,242.747904
1.69,21,242.779426
1.59,11,242.997124
1.55,13,243.022118
1.62,14,243.051312
1.65,17,243.082484
1.66,18,243.117851
1.56,8,243.131109
1.68,20,243.162465
1.82,34,243.405464
1.59,11,243.421086
1.5,44,243.503261
1.57,9,243.518641
1.65,17,243.569853
1.72,26,243.605385
1.63,15,243.636642
1.65,17,243.855498
1.85,37,243.925149
1.53,5,243.925149
1.77,29,243.989456
1.72,24,244.020738
1.59,11,244.051988
1.72,24,244.259325
1.64,18,244.306105
1.65,21,244.337649
1.57,20,244.384572
1.9,42,244.453361
1.66,22,244.674948
1.95,48,244.774981
1.54,10,244.794769
1.89,43,244.875925
1.58,10,244.891551
1.66,18,245.107243
1.85,37,245.185291
1.71,25,245.232468
1.79,31,245.296949
1.67,19,245.326027
1.72,24,245.549182
1.65,17,245.580179
1.56,8,245.596049
1.49,17,245.642611
1.65,17,245.658513
1.68,20,245.705369
1.55,7,245.723457
1.68,20,245.758302
1.51,7,245.951957
1.84,39,246.014891
1.71,23,246.067738
1.72,24,246.114892
1.84,36,246.176975
1.95,47,246.444926
1.47,13,246.475853
1.8,32,246.546088
1.7,23,246.577255
1.61,13,246.610319
1.63,15,246.822795
1.67,19,246.854077
1.76,28,246.917483
1.53,5,246.934446
1.59,11,246.954393
1.61,13,246.970014
1.74,27,247.016938
1.66,18,247.227271
1.56,8,247.260295
1.61,19,247.291937
1.61,13,247.307451
1.55,7,247.322825
1.68,21,247.37285
1.51,11,247.388507
1.89,44,247.483169
1.64,18,247.700981
1.6,12,247.716637
1.55,7,247.73225
1.73,25,247.779126
1.5,2,247.779126
1.85,39,247.85622
2.04,58,248.147784
1.73,25,248.194691
1.7,22,248.243667
1.63,15,248.274937
1.69,21,248.306199
1.7,22,248.538539
1.61,13,248.563808
1.61,13,248.576967
1.61,13,248.608495
1.59,15,248.639883
1.55,7,248.655111
1.64,16,248.688457
1.54,6,248.688457
1.52,26,248.735332
1.73,25,248.956495
1.68,20,249.010382
1.63,17,249.034351
1.89,41,249.114474
1.52,12,249.146002
1.65,17,249.161641
1.45,31,249.389503
1.65,17,249.434419
1.73,25,249.471014
1.75,27,249.51791
1.78,30,249.580188
1.5,6,249.776971
1.69,21,249.808252
1.32,24,249.855379
1.65,17,249.893672
1.65,17,249.925201
1.66,18,249.956456
1.75,27,250.005429
1.53,5,250.201258
2.16,73,250.34191
1.73,25,250.388438
1.54,16,250.425978
1.8,32,250.675234
1.62,14,250.690883
1.64,21,250.722114
1.88,40,250.806562
1.57,9,250.822232
1.9,43,251.09656
1.57,9,251.11858
1.79,31,251.161419
1.64,16,251.192952
1.68,20,251.231143
1.65,17,251.262944
1.64,18,251.477371
1.66,18,251.508633
2.14,66,251.63404
1.65,19,251.671834
1.55,7,251.671834
1.84,36,251.924202
1.55,7,251.924202
1.94,46,252.02496
2.16,68,252.341655
1.55,15,252.35728
1.49,29,252.425979
1.91,44,252.48993
1.71,23,252.538477
1.96,48,252.81771
1.53,5,252.830323
1.59,15,252.850297
1.64,16,252.881651
1.6,12,252.897142
1.53,21,252.943666
1.81,34,253.188911
1.73,25,253.235619
1.6,12,253.250988
1.55,7,253.271268
1.68,20,253.304554
1.68,20,253.335902
1.66,18,253.366971
1.61,13,253.588905
1.59,11,253.607975
1.74,26,253.657568
1.7,22,253.688891
1.51,3,253.704424
1.67,19,253.739479
1.63,15,253.77076
1.69,21,253.809394
1.68,20,254.00334
1.71,23,254.057041
1.63,19,254.087891
1.89,41,254.176275
1.76,28,254.227195
1.57,13,254.432585
1.75,27,254.479483
1.72,24,254.526227
1.53,7,254.541605
1.66,18,254.572855
1.61,13,254.588982
1.65,17,254.626576
1.68,20,254.850003
1.71,23,254.887509
1.61,13,254.91877
1.63,15,254.952009
1.63,19,254.983589
1.63,15,255.01454
1.73,25,255.066697
1.74,26,255.292926
1.69,21,255.324201
1.71,23,255.374871
1.76,28,255.424276
1.64,16,255.455283
1.73,25,255.681236
1.76,28,255.735351
2.22,75,255.878218
1.63,19,255.909599
1.62,14,256.130429
1.57,13,256.163427
1.56,12,256.184321
1.46,6,256.184321
1.8,32,256.259298
1.85,37,256.311908
1.52,4,256.328033
1.76,28,256.54398
1.8,33,256.613917
1.71,23,256.644986
1.73,25,256.694712
1.62,14,256.725981
1.65,21,256.944968
1.5,2,256.944968
1.54,6,256.960593
1.81,33,257.030261
1.75,27,257.061915
1.57,9,257.093041
1.74,27,257.146857
2.09,62,257.42629
1.84,36,257.496166
1.93,45,257.580493
1.63,15,257.81981
1.61,13,257.835436
1.79,34,257.912949
1.52,8,257.928571
1.64,16,257.944131
1.52,4,257.959896
1.58,10,257.975389
2.17,72,258.289613
1.64,16,258.334438
2.22,74,258.656211
1.64,16,258.687895
1.61,13,258.703372
1.63,17,258.734624
1.86,38,258.819059
1.8,32,258.88542
1.54,12,259.075324
2.12,64,259.214547
1.77,30,259.261887
1.78,30,259.331184
1.86,38,259.57184
1.6,12,259.587466
1.59,15,259.618716
1.67,19,259.663683
1.61,13,259.679326
1.68,20,259.726213
1.66,18,259.939728
1.65,17,259.977835
1.66,18,260.00939
1.6,12,260.025265
1.69,21,260.076881
1.83,35,260.136885
1.66,18,260.17424
1.54,10,260.361103
1.62,14,260.376973
1.66,18,260.42709
1.67,19,260.458359
1.84,36,260.524835
1.86,38,260.776092
1.69,21,260.807342
1.0,1,260.807342
1.65,22,260.869926
1.65,25,260.904195
1.58,26,260.951082
1.78,34,261.205263
1.57,9,261.225875
1.58,10,261.231277
1.73,25,261.293701
1.6,12,261.309357
1.54,6,261.325228
1.68,20,261.356483
1.5,18,261.401086
1.52,4,261.410373
1.77,34,261.645211
2.02,54,261.73853
1.53,5,261.76131
1.53,5,261.765616
1.62,18,261.796896
1.61,13,261.830377
1.49,21,262.046914
1.7,22,262.087893
1.48,10,262.103371
1.65,17,262.134349
1.58,14,262.16992
1.57,31,262.220075
1.74,26,262.268744
1.57,11,262.468946
1.58,10,262.489635
1.54,6,262.50529
1.61,13,262.520916
2.02,66,262.647019
1.7,22,262.69374
1.63,15,262.91041
1.65,17,262.941958
1.6,12,262.957569
1.52,10,262.973211
1.54,6,262.988903
1.53,5,262.988903
1.45,19,263.027071
1.66,18,263.058605
1.63,15,263.089602
1.47,35,263.351744
1.64,16,263.375061
1.55,13,263.406579
1.6,12,263.43455
1.74,26,263.471115
1.59,11,263.486495
1.78,30,263.5568
1.81,33,263.801311
1.65,17,263.816937
1.69,21,263.876135
1.72,24,263.916006
1.59,15,263.947012
1.73,25,264.164891
1.67,19,264.205477
1.61,13,264.233413
1.61,15,264.2493
1.63,19,264.280644
1.97,49,264.374328
1.6,12,264.563912
1.59,11,264.579192
1.67,19,264.626319
1.69,21,264.664565
1.62,14,264.696097
1.65,17,264.711471
1.67,19,264.762352
1.72,24,264.983376
1.74,26,265.030194
2.13,74,265.178198
1.59,11,265.194103
1.68,20,265.416984
1.88,72,265.664559
1.67,19,265.696089
1.69,21,265.727343
1.55,7,265.742706
1.6,12,265.963892
1.96,52,266.060556
1.64,16,266.101143
1.66,18,266.126066
1.65,21,266.15759
1.64,16,266.362876
1.67,19,266.409632
1.66,18,266.446917
1.58,10,266.462572
1.57,9,266.478197
1.99,51,266.583348
1.55,7,266.583348
2.17,76,266.900084
1.59,11,266.931586
1.82,34,266.996942
1.75,27,267.218707
1.59,11,267.250261
1.87,39,267.326189
1.64,24,267.367051
1.74,26,267.418641
1.58,10,267.431258
1.83,35,267.689922
1.63,15,267.720924
1.62,14,267.752055
1.71,23,267.783324
1.64,16,267.8302
1.82,34,267.900014
1.95,47,268.149402
1.64,19,268.197166
1.7,22,268.22842
1.63,17,268.259945
1.58,12,268.293763
1.6,12,268.502109
1.63,15,268.517765
1.62,14,268.549266
1.6,12,268.564895
2.0,58,268.688312
1.82,34,268.927069
1.52,10,268.942725
1.55,7,268.958605
1.43,33,269.024967
1.62,14,269.059891
1.71,23,269.090916
1.56,8,269.106564
1.74,26,269.174015
1.63,15,269.376314
2.03,77,269.52398
1.65,17,269.566659
1.58,10,269.572902
1.58,10,269.588556
1.76,28,269.82109
1.54,22,269.867987
2.0,52,269.968773
1.61,13,270.001204
1.64,16,270.213749
1.63,15,270.242808
1.7,22,270.275111
1.69,21,270.322918
1.64,16,270.354198
1.56,12,270.370069
1.67,19,270.401326
1.61,13,270.439594
1.54,6,270.439594
1.63,15,270.652114
1.62,14,270.683729
1.59,11,270.699019
1.48,20,270.730556
1.98,50,270.830686
1.81,33,271.075124
1.55,15,271.121927
1.56,8,271.121927
1.67,19,271.168791
1.63,15,271.184895
1.6,12,271.222984
1.62,14,271.238894
1.61,25,271.294511
1.67,21,271.49729
1.53,13,271.532273
1.82,34,271.598987
1.72,24,271.647911
1.66,18,271.679468
1.52,4,271.679468
1.85,37,271.919822
1.66,18,271.968743
1.62,14,272.000015
1.55,7,272.015902
1.72,24,272.046901
1.52,6,272.069405
1.71,23,272.101436
1.55,15,272.132878
1.72,24,272.35541
1.6,12,272.371049
1.54,6,272.400201
2.01,56,272.497934
1.66,22,272.54511
1.8,32,272.758395
1.79,31,272.824869
1.69,25,272.859499
1.62,18,272.901138
1.66,24,272.947978
1.47,5,272.963635
1.6,12,273.156173
1.76,28,273.218951
1.51,3,273.218951
1.68,20,273.267981
1.67,19,273.287649
1.81,33,273.350404
1.84,36,273.602076
1.53,13,273.633618
1.56,8,273.648971
1.92,44,273.717793
1.67,19,273.764943
1.65,25,273.796196
1.52,4,273.989713
1.57,9,274.005626
2.03,65,274.134649
1.53,5,274.15166
1.56,16,274.172948
1.68,20,274.220184
1.7,22,274.438958
1.75,27,274.489618
1.62,14,274.521167
1.58,10,274.536908
1.62,14,274.552424
1.56,8,274.568024
1.61,13,274.606288
2.11,63,274.892078
1.88,41,274.969813
1.6,12,275.006355
1.64,16,275.031281
1.68,20,275.078188
1.79,31,275.306293
1.64,16,275.339487
1.67,19,275.375203
1.66,18,275.406465
1.89,41,275.483516
1.52,4,275.499141
1.62,16,275.705606
1.62,14,275.736865
1.76,29,275.785437
2.14,67,275.916827
1.61,13,276.127092
1.68,20,276.158372
1.57,9,276.174263
1.53,5,276.18989
1.75,27,276.238616
1.61,17,276.270115
1.5,4,276.270115
1.67,19,276.317431
1.72,24,276.546999
1.78,30,276.601156
1.67,19,276.632316
1.55,7,276.659351
1.58,10,276.664613
1.72,24,276.711519
1.67,19,276.743018
1.5,26,276.986518
1.68,20,277.0178
1.84,53,277.121987
1.76,28,277.190661
1.95,47,277.465906
1.88,40,277.550295
1.68,20,277.581541
1.66,18,277.612789
1.72,28,277.868834
1.74,26,277.915741
1.78,30,277.984514
1.65,21,278.015903
1.65,17,278.047046
1.57,9,278.062916
1.76,28,278.305448
2.02,54,278.414625
1.76,28,278.461878
1.7,22,278.513738
1.63,15,278.735452
1.59,13,278.751109
1.76,28,278.813896
1.59,19,278.852151
1.89,41,278.934716
1.69,24,278.978257
1.71,23,279.204482
1.63,15,279.241753
1.69,23,279.280572
1.69,23,279.327142
1.92,45,279.412874
1.61,13,279.612869
1.8,32,279.678162
1.64,16,279.713635
1.59,23,279.745131
1.67,19,279.793784
1.53,5,279.793784
1.76,28,280.046183
1.53,5,280.046183
1.59,11,280.077439
1.6,12,280.093057
1.73,25,280.147007
1.72,24,280.193883
1.64,16,280.227142
1.72,26,280.274047
1.66,18,280.479556
1.67,19,280.510889
1.65,17,280.559613
1.62,18,280.580651
1.68,20,280.627187
1.56,8,280.627187
1.73,26,280.69205
1.58,14,280.897243
1.61,13,280.912891
1.66,20,280.961418
1.67,19,280.992083
1.63,15,281.023084
1.67,23,281.079335
1.66,18,281.105289
1.76,28,281.329802
1.56,10,281.345925
1.59,11,281.367832
1.52,24,281.430337
1.7,22,281.462956
1.5,32,281.526035
1.83,35,281.772974
1.59,15,281.7889
1.73,25,281.835892
1.82,34,281.912642
1.55,7,281.92855
1.69,21,281.959517
1.78,30,282.201021
1.64,16,282.222969
1.64,16,282.254249
1.95,47,282.349408
1.72,30,282.582395
1.75,27,282.648123
1.62,14,282.668048
1.62,14,282.683898
1.62,14,282.714899
1.76,28,282.779235
1.72,24,282.981329
1.66,18,283.012885
1.67,30,283.077227
1.78,30,283.140008
1.7,22,283.19292
1.54,6,283.19292
1.65,17,283.224202
1.57,9,283.422059
1.87,39,283.492885
2.29,82,283.666802
1.78,30,283.902525
1.62,14,283.918138
1.62,14,283.956302
1.69,21,283.988465
1.59,11,284.017894
1.54,10,284.039247
2.03,62,284.327477
1.71,23,284.378947
1.86,38,284.436555
1.63,15,284.467805
2.13,96,284.831323
1.95,49,284.925105
1.72,24,285.15754
1.76,28,285.191821
1.63,15,285.224089
1.63,15,285.267966
1.62,14,285.288653
1.86,39,285.535935
1.58,10,285.551576
1.71,23,285.601421
1.52,4,285.609536
1.75,27,285.656865
1.69,21,285.694688
1.66,22,285.725195
1.56,8,285.740821
1.86,38,285.982862
1.7,22,286.031364
1.71,25,286.078555
1.79,31,286.147991
1.53,6,286.147991
1.59,11,286.179271
1.58,12,286.383881
1.67,21,286.414679
1.62,14,286.453008
1.62,22,286.485003
1.6,16,286.516027
1.71,23,286.564652
1.51,13,286.580306
1.97,94,286.937878
1.77,29,287.002165
1.99,51,287.280378
1.52,4,287.296003
1.8,32,287.373106
1.76,30,287.439688
1.63,15,287.470959
1.6,12,287.690957
1.58,10,287.722617
1.63,15,287.746035
1.7,22,287.792785
1.58,11,287.824023
1.79,33,287.888452
1.67,21,287.935314
1.58,10,287.950941
1.83,35,288.237649
1.67,19,288.275241
1.76,28,288.337611
1.72,26,288.384486
1.88,41,288.673363
1.62,16,288.704616
1.61,13,288.735494
1.69,25,288.767021
1.56,8,288.788707
1.59,11,288.804626
1.65,17,288.848177
1.8,32,289.068843
1.65,17,289.100123
1.59,15,289.131373
1.9,42,289.200235
1.62,14,289.231484
1.74,27,289.292823
1.49,5,289.460558
1.68,20,289.507386
1.63,17,289.52604
1.54,10,289.54191
1.69,25,289.588864
1.54,6,289.607433
1.75,27,289.658879
1.6,12,289.674094
1.94,46,289.929342
1.69,23,289.962622
1.75,27,290.009906
1.57,9,290.031228
1.53,5,290.046102
1.65,17,290.063088
1.58,18,290.273015
1.54,6,290.288916
1.62,16,290.304284
1.66,18,290.335545
1.56,8,290.351171
1.6,28,290.405353
1.53,15,290.436615
1.6,12,290.479248
1.85,37,290.705655
1.81,34,290.768059
1.63,15,290.806357
1.67,19,290.83791
1.49,5,290.853572
2.01,54,291.138918
1.61,17,291.170169
1.65,17,291.207107
1.77,29,291.250116
1.68,20,291.296988
1.73,25,291.335552
1.72,24,291.567997
1.6,16,291.583625
1.99,51,291.684478
1.69,21,291.715728
1.65,17,291.935962
1.71,23,291.985715
1.49,15,292.004369
1.68,20,292.035619
1.85,37,292.113019
1.6,12,292.128592
1.61,13,292.159908
1.69,21,292.377549
1.63,23,292.426342
1.73,26,292.462665
1.56,18,292.50462
1.78,30,292.554338
1.61,13,292.585589
1.66,18,292.779315
1.63,15,292.79494
1.65,17,292.82644
1.63,15,292.864689
1.55,19,292.896219
1.56,8,292.91192
1.85,45,293.188735
1.55,7,293.188735
1.89,41,293.266883
1.84,36,293.345193
1.64,16,293.360898
1.61,13,293.397842
1.65,23,293.6171
1.64,16,293.639695
1.57,15,293.671309
1.63,15,293.702473
1.54,6,293.702473
1.69,21,293.750211
1.61,13,293.781914
1.51,3,293.781914
1.68,20,293.812958
1.87,39,294.068854
1.56,8,294.092904
1.54,6,294.092904
1.76,28,294.168027
1.69,21,294.204606
1.76,28,294.251495
1.61,13,294.444257
1.65,17,294.47525
1.49,11,294.50641
1.57,11,294.522065
1.59,11,294.53769
1.57,9,294.553315
1.59,19,294.58496
1.62,14,294.622091
1.61,13,294.637736
1.64,18,294.858653
1.7,26,294.905525
1.82,34,294.967161
1.61,15,294.998141
1.68,28,295.055507
1.64,22,295.267938
1.62,15,295.299476
1.79,34,295.376432
1.84,46,295.454884
1.59,11,295.485512
1.56,8,295.485512
1.82,34,295.732604
1.64,16,295.764138
1.63,15,295.779875
1.68,20,295.826487
1.59,11,295.842105
1.72,32,295.91119
1.73,25,296.138733
1.72,24,296.185641
1.62,22,296.224886
1.54,6,296.224886
1.77,29,296.287902
1.68,20,296.319132
1.53,17,296.538949
1.66,18,296.577279
1.6,12,296.60856
1.56,8,296.60856
1.68,20,296.666822
1.57,9,296.673048
1.56,8,296.689038
1.62,18,296.720229
1.71,23,296.782442
1.67,19,297.002218
1.67,19,297.033894
1.83,35,297.097293
1.72,24,297.14532
1.69,21,297.1766
1.65,17,297.22309
1.72,24,297.451235
1.9,43,297.51502
1.66,18,297.562742
1.68,20,297.593992
1.56,18,297.625542
1.62,14,297.848152
1.79,31,297.911971
1.91,44,297.989707
1.5,14,298.021242
1.83,35,298.263842
1.66,18,298.311778
2.06,58,298.417918
1.85,45,298.511689
2.04,58,298.802875
1.66,18,298.833702
1.63,15,298.868903
1.58,18,298.900456
1.67,19,298.931885
1.62,14,299.121
1.61,13,299.152545
1.84,36,299.221344
1.76,28,299.268218
1.58,12,299.309575
1.66,18,299.330593
1.56,12,299.36162
1.6,16,299.570941
1.59,15,299.602464
1.39,21,299.64716
1.88,40,299.719175
1.65,17,299.752105
1.55,7,299.767758
1.68,20,299.976235
1.68,20,300.007899
1.67,23,300.068071
1.86,38,300.12002
1.77,30,300.189737
1.67,19,300.413741
1.66,18,300.451277
1.78,30,300.51376
1.49,5,300.51476
1.99,51,300.612534
1.65,17,300.810592
1.71,23,300.859956
1.46,28,300.922466
1.56,8,300.922466
1.6,12,300.960572
1.71,23,301.000595
1.75,29,301.064808
1.61,13,301.254487
1.68,20,301.300304
1.66,20,301.331853
2.02,55,301.445228
1.6,12,301.460872
1.64,16,301.661922
1.58,10,301.677375
1.57,9,301.693166
1.72,28,301.747313
1.54,6,301.762935
1.58,10,301.778315
1.69,22,301.82725
1.51,3,301.82725
1.5,2,301.82725
1.79,31,301.890027
1.54,14,302.083885
1.75,31,302.130878
1.79,31,302.200423
1.72,24,302.248925
1.6,12,302.264724
1.63,19,302.4856
1.96,48,302.582631
1.51,7,302.58563
1.62,14,302.616912
1.53,25,302.664033
1.74,26,302.702264
1.57,21,302.921357
1.68,20,302.952595
1.78,32,303.018797
1.63,15,303.050079
1.6,12,303.065693
1.67,21,303.122139
1.76,36,303.35997
1.57,9,303.375175
1.61,13,303.406875
1.6,12,303.42205
1.74,26,303.476564
1.57,9,303.492175
1.63,15,303.523405
1.71,23,303.743163
1.56,8,303.764501
1.8,32,303.813073
1.62,14,303.844243
1.8,32,303.908885
1.59,11,303.924416
1.62,14,303.955857
1.56,10,303.980662
1.56,8,304.159678
1.67,19,304.220134
1.54,6,304.223134
1.5,22,304.254905
1.52,8,304.270291
1.71,23,304.330579
1.61,17,304.350281
1.5,30,304.412781
1.6,14,304.598317
1.9,42,304.684623
1.82,35,304.764775
1.75,27,304.813023
1.53,5,304.813023
1.64,16,305.009624
1.69,21,305.056877
1.64,16,305.089737
1.84,36,305.152567
1.62,14,305.168165
1.51,7,305.202457
1.79,31,305.427274
1.61,17,305.458874
1.56,8,305.474428
1.6,26,305.537659
1.53,5,305.543911
1.61,13,305.559872
1.81,37,305.639738
1.77,29,305.86059
1.63,23,305.907899
1.64,16,305.938994
1.54,10,305.964113
1.61,13,305.977237
1.53,9,305.993139
1.74,26,306.04002
1.81,33,306.289773
1.64,16,306.321334
1.71,23,306.368176
1.73,25,306.4221
1.79,31,306.469225
2.02,54,306.762835
1.63,15,306.77846
1.89,41,306.864122
1.64,16,306.895377
1.63,19,307.095981
1.64,16,307.127565
1.88,45,307.21301
1.6,12,307.228884
1.56,8,307.244265
1.57,9,307.277277
1.7,22,307.308545
1.6,12,307.330481
1.64,16,307.544253
1.61,15,307.575544
1.67,19,307.612771
1.65,17,307.644269
1.75,27,307.697209
1.66,18,307.722203
1.77,29,307.958555
1.59,11,307.97418
1.64,16,308.005862
1.59,11,308.040989
1.64,16,308.059646
1.56,8,308.075562
1.59,11,308.091164
1.63,15,308.136893
1.78,30,308.187046
1.69,21,308.408658
1.59,11,308.424541
1.61,13,308.468131
1.71,31,308.520344
2.05,60,308.826341
1.76,28,308.873466
1.58,10,308.889088
1.6,12,308.925158
1.6,12,308.942007
1.6,12,308.957882
1.8,32,309.028306
1.6,12,309.050666
1.73,25,309.276248
1.65,17,309.30751
1.51,5,309.323465
1.57,9,309.347162
1.59,11,309.356501
1.67,19,309.387781
1.53,5,309.403406
1.6,12,309.419302
1.63,15,309.463846
1.57,9,309.473176
1.62,20,309.697193
2.25,77,309.829428
1.88,40,310.10537
1.6,12,310.122012
1.78,30,310.1689
1.67,21,310.223119
1.67,19,310.2544
1.63,15,310.270025
1.62,14,310.318065
1.9,44,310.567192
1.61,13,310.599889
1.64,18,310.631343
1.62,16,310.662873
1.82,37,310.741831
1.63,19,310.967988
1.54,6,310.968987
1.55,7,310.984915
1.51,7,311.00054
1.67,23,311.031874
1.6,14,311.068982
1.67,19,311.100264
1.58,10,311.116135
1.85,37,311.385798
1.69,21,311.421352
1.61,13,311.436953
1.65,17,311.468198
1.74,26,311.522105
1.63,21,311.553611
1.78,30,311.809757
1.76,29,311.846078
1.67,23,311.909613
1.67,19,311.942162
1.65,17,311.957519
1.58,28,312.027284
1.71,27,312.248058
1.74,26,312.294951
1.77,29,312.358802
1.58,10,312.37488
1.99,51,312.646178
1.77,29,312.711893
2.06,60,312.828369
1.71,23,312.859954
1.61,13,313.073157
1.58,10,313.089038
1.54,10,313.12216
1.77,67,313.234698
1.59,11,313.266224
1.48,14,313.281852
1.57,9,313.297616
1.85,37,313.547019
1.91,43,313.62762
1.7,22,313.676427
1.7,22,313.705493
1.59,11,313.898113
1.93,46,313.97653
1.71,23,314.030439
1.79,31,314.077314
1.66,18,314.126298
1.71,25,314.346403
1.59,11,314.36178
1.55,21,314.408908
1.56,8,314.433514
1.61,13,314.455877
1.65,22,314.486749
1.67,19,314.518274
1.67,19,314.734938
1.6,12,314.777376
1.54,10,314.793302
1.85,37,314.869184
1.65,17,314.887826
1.64,16,314.919337
1.59,11,314.934985
1.65,17,314.980516
1.81,33,315.21384
1.52,8,315.22999
1.67,19,315.260991
1.68,20,315.300316
1.49,5,315.33047
1.67,19,315.363021
1.54,6,315.363021
1.54,14,315.394274
1.64,16,315.618269
1.64,16,315.652321
1.28,46,315.73087
1.54,22,315.768996
1.48,28,315.82217
1.68,20,316.028861
1.79,31,316.094007
1.65,17,316.125545
1.63,15,316.156857
1.56,8,316.17215
1.58,10,316.190149
1.65,17,316.226614
1.95,54,316.488295
1.53,9,316.518352
1.81,33,316.565262
1.74,26,316.631474
1.58,10,316.64712
1.51,23,316.856488
1.74,28,316.91178
1.88,46,317.007601
1.58,17,317.039119
1.6,12,317.06021
1.63,15,317.092959
1.55,7,317.288866
1.73,27,317.33602
1.62,14,353.184836
1.55,7,353.184836
1.75,27,353.231991
1.59,11,353.266929
1.62,20,353.301952
